ts,host,soc,os,model,rep,num_thread,num_ctx,num_predict,prompt_tokens,gen_tokens,prompt_sec,gen_sec,ttft_sec,total_sec,prompt_tps,gen_tps,proc_rss_mb,proc_hwm_mb,sys_mem_avail_mb,cpu_temp_c
2025-10-06_16:51:14,raspberrypi,raspberry-pi,Debian GNU/Linux 13 (trixie),nano-125m-q5,1,2,512,32,512,32,11.6901,1.2105,13.0265,12.9759,43.80,26.44,182,183,6248,62.3
2025-10-06_16:51:29,raspberrypi,raspberry-pi,Debian GNU/Linux 13 (trixie),nano-125m-q5,2,2,512,32,512,32,11.5767,1.2103,12.9168,12.8647,44.23,26.44,183,183,6271,63.3
2025-10-06_16:51:44,raspberrypi,raspberry-pi,Debian GNU/Linux 13 (trixie),nano-125m-q5,3,2,512,32,512,32,11.5813,1.2133,12.9220,12.8706,44.21,26.37,180,183,6275,65.2
2025-10-06_16:52:01,raspberrypi,raspberry-pi,Debian GNU/Linux 13 (trixie),nano-125m-q5,1,2,512,64,512,64,11.5755,2.4529,14.1544,14.1038,44.23,26.09,180,183,6278,65.7
2025-10-06_16:52:17,raspberrypi,raspberry-pi,Debian GNU/Linux 13 (trixie),nano-125m-q5,2,2,512,64,512,64,11.6134,2.4618,14.2005,14.1507,44.09,26.00,183,183,6276,65.7
2025-10-06_16:52:33,raspberrypi,raspberry-pi,Debian GNU/Linux 13 (trixie),nano-125m-q5,3,2,512,64,512,64,11.6158,2.4613,14.2052,14.1549,44.08,26.00,183,183,6278,66.2
2025-10-06_16:52:52,raspberrypi,raspberry-pi,Debian GNU/Linux 13 (trixie),nano-125m-q5,1,2,512,128,512,128,11.5785,4.9565,16.6631,16.6111,44.22,25.82,180,184,6279,67.2
2025-10-06_16:53:11,raspberrypi,raspberry-pi,Debian GNU/Linux 13 (trixie),nano-125m-q5,2,2,512,128,512,128,11.5765,4.9602,16.6626,16.6125,44.23,25.81,181,184,6277,68.6
2025-10-06_16:53:30,raspberrypi,raspberry-pi,Debian GNU/Linux 13 (trixie),nano-125m-q5,3,2,512,128,512,128,11.5834,4.9692,16.6776,16.6261,44.20,25.76,180,184,6276,69.1
2025-10-06_16:54:00,raspberrypi,raspberry-pi,Debian GNU/Linux 13 (trixie),nano-125m-q5,1,2,1024,32,1024,32,25.3134,1.4017,27.7232,27.6532,40.45,22.83,179,184,6267,69.1
2025-10-06_16:54:29,raspberrypi,raspberry-pi,Debian GNU/Linux 13 (trixie),nano-125m-q5,2,2,1024,32,1024,32,25.2938,1.3974,26.8455,26.7727,40.48,22.90,183,184,6258,68.6
2025-10-06_16:54:58,raspberrypi,raspberry-pi,Debian GNU/Linux 13 (trixie),nano-125m-q5,3,2,1024,32,1024,32,25.3051,1.3966,26.8510,26.7762,40.47,22.91,180,184,6261,69.1
2025-10-06_16:55:28,raspberrypi,raspberry-pi,Debian GNU/Linux 13 (trixie),nano-125m-q5,1,2,1024,64,1024,64,25.3116,2.8287,28.2876,28.2168,40.46,22.63,180,184,6259,70.6
2025-10-06_16:55:59,raspberrypi,raspberry-pi,Debian GNU/Linux 13 (trixie),nano-125m-q5,2,2,1024,64,1024,64,25.2994,2.8829,28.3871,28.2939,40.48,22.20,181,184,6527,71.1
2025-10-06_16:56:29,raspberrypi,raspberry-pi,Debian GNU/Linux 13 (trixie),nano-125m-q5,3,2,1024,64,1024,64,25.3071,2.8248,28.3404,28.2383,40.46,22.66,180,184,7061,71.1
2025-10-06_16:57:03,raspberrypi,raspberry-pi,Debian GNU/Linux 13 (trixie),nano-125m-q5,1,2,1024,128,1024,128,25.3068,5.6738,31.1276,31.0566,40.46,22.56,183,184,7059,72.0
2025-10-06_16:57:36,raspberrypi,raspberry-pi,Debian GNU/Linux 13 (trixie),nano-125m-q5,2,2,1024,128,1024,128,25.3397,5.6926,31.1801,31.1067,40.41,22.49,180,184,7055,71.1
2025-10-06_16:58:09,raspberrypi,raspberry-pi,Debian GNU/Linux 13 (trixie),nano-125m-q5,3,2,1024,128,1024,128,25.2963,5.6660,31.1091,31.0381,40.48,22.59,183,184,7056,72.5
2025-10-06_16:59:13,raspberrypi,raspberry-pi,Debian GNU/Linux 13 (trixie),nano-125m-q5,1,2,2048,32,2048,32,59.0448,1.7701,61.8683,61.7557,34.69,18.08,180,184,7030,72.5
2025-10-06_17:00:16,raspberrypi,raspberry-pi,Debian GNU/Linux 13 (trixie),nano-125m-q5,2,2,2048,32,2048,32,59.0068,1.7733,60.9746,60.8602,34.71,18.05,183,184,7022,71.1
2025-10-06_17:01:20,raspberrypi,raspberry-pi,Debian GNU/Linux 13 (trixie),nano-125m-q5,3,2,2048,32,2048,32,59.0674,1.7818,61.0394,60.9266,34.67,17.96,184,184,7021,72.5
2025-10-06_17:02:25,raspberrypi,raspberry-pi,Debian GNU/Linux 13 (trixie),nano-125m-q5,1,2,2048,64,2048,64,59.1446,3.5938,62.9847,62.8328,34.63,17.81,180,184,7019,72.5
2025-10-06_17:03:30,raspberrypi,raspberry-pi,Debian GNU/Linux 13 (trixie),nano-125m-q5,2,2,2048,64,2048,64,58.9679,3.5499,62.7094,62.5976,34.73,18.03,184,184,7019,73.0
2025-10-06_17:04:35,raspberrypi,raspberry-pi,Debian GNU/Linux 13 (trixie),nano-125m-q5,3,2,2048,64,2048,64,58.9701,3.5499,62.7072,62.5961,34.73,18.03,181,184,7012,73.0
2025-10-06_17:05:43,raspberrypi,raspberry-pi,Debian GNU/Linux 13 (trixie),nano-125m-q5,1,2,2048,128,2048,128,59.0270,7.1372,66.3562,66.2424,34.70,17.93,180,184,7014,73.0
2025-10-06_17:06:52,raspberrypi,raspberry-pi,Debian GNU/Linux 13 (trixie),nano-125m-q5,2,2,2048,128,2048,128,58.9893,7.1117,66.2910,66.1791,34.72,18.00,181,184,7010,70.1
2025-10-06_17:08:00,raspberrypi,raspberry-pi,Debian GNU/Linux 13 (trixie),nano-125m-q5,3,2,2048,128,2048,128,59.0340,7.1696,66.3948,66.2812,34.69,17.85,180,184,7012,73.0
2025-10-06_17:10:39,raspberrypi,raspberry-pi,Debian GNU/Linux 13 (trixie),nano-125m-q5,1,2,4096,32,4096,32,152.8825,2.5474,156.5891,156.3921,26.79,12.56,179,184,6962,72.0
2025-10-06_17:13:17,raspberrypi,raspberry-pi,Debian GNU/Linux 13 (trixie),nano-125m-q5,2,2,4096,32,4096,32,152.8605,2.5417,155.6902,155.4884,26.80,12.59,180,184,6946,72.0
2025-10-06_17:15:55,raspberrypi,raspberry-pi,Debian GNU/Linux 13 (trixie),nano-125m-q5,3,2,4096,32,4096,32,152.7548,2.5457,155.5853,155.3881,26.81,12.57,180,184,6954,73.5
2025-10-06_17:18:35,raspberrypi,raspberry-pi,Debian GNU/Linux 13 (trixie),nano-125m-q5,1,2,4096,64,4096,64,152.6394,5.0661,157.9925,157.7941,26.83,12.63,179,184,6944,73.0
2025-10-06_17:21:16,raspberrypi,raspberry-pi,Debian GNU/Linux 13 (trixie),nano-125m-q5,2,2,4096,64,4096,64,152.7332,5.1432,158.1570,157.9604,26.82,12.44,179,184,6947,73.5
2025-10-06_17:23:57,raspberrypi,raspberry-pi,Debian GNU/Linux 13 (trixie),nano-125m-q5,3,2,4096,64,4096,64,152.8652,5.1651,158.3142,158.1150,26.79,12.39,180,184,6939,73.5
2025-10-06_17:26:42,raspberrypi,raspberry-pi,Debian GNU/Linux 13 (trixie),nano-125m-q5,1,2,4096,128,4096,128,152.7685,10.3297,163.3821,163.1848,26.81,12.39,183,184,6941,73.0
2025-10-06_17:29:28,raspberrypi,raspberry-pi,Debian GNU/Linux 13 (trixie),nano-125m-q5,2,2,4096,128,4096,128,152.7988,10.3829,163.4717,163.2681,26.81,12.33,179,184,6934,73.0
2025-10-06_17:32:14,raspberrypi,raspberry-pi,Debian GNU/Linux 13 (trixie),nano-125m-q5,3,2,4096,128,4096,128,152.9735,10.3487,163.6106,163.4095,26.78,12.37,179,184,6939,74.0
2025-10-06_17:32:25,raspberrypi,raspberry-pi,Debian GNU/Linux 13 (trixie),nano-125m-q5,1,4,512,32,512,32,6.1622,1.2899,8.4822,8.4295,83.09,24.81,179,184,7072,77.9
2025-10-06_17:32:34,raspberrypi,raspberry-pi,Debian GNU/Linux 13 (trixie),nano-125m-q5,2,4,512,32,512,32,6.0730,1.3555,7.5560,7.5045,84.31,23.61,180,184,7070,78.4
2025-10-06_17:32:44,raspberrypi,raspberry-pi,Debian GNU/Linux 13 (trixie),nano-125m-q5,3,4,512,32,512,32,6.1199,1.5606,7.8101,7.7582,83.66,20.50,183,184,7064,78.8
2025-10-06_17:32:55,raspberrypi,raspberry-pi,Debian GNU/Linux 13 (trixie),nano-125m-q5,1,4,512,64,512,64,6.1689,2.7137,9.0107,8.9572,83.00,23.58,181,184,7073,79.8
2025-10-06_17:33:06,raspberrypi,raspberry-pi,Debian GNU/Linux 13 (trixie),nano-125m-q5,2,4,512,64,512,64,6.1693,2.4833,8.7836,8.7300,82.99,25.77,183,184,7069,79.3
2025-10-06_17:33:18,raspberrypi,raspberry-pi,Debian GNU/Linux 13 (trixie),nano-125m-q5,3,4,512,64,512,64,6.1970,2.9057,9.2316,9.1802,82.62,22.03,179,184,7066,78.8
2025-10-06_17:33:32,raspberrypi,raspberry-pi,Debian GNU/Linux 13 (trixie),nano-125m-q5,1,4,512,128,512,128,6.2511,5.1621,11.5455,11.4914,81.91,24.80,179,184,7066,80.8
2025-10-06_17:33:45,raspberrypi,raspberry-pi,Debian GNU/Linux 13 (trixie),nano-125m-q5,2,4,512,128,512,128,6.2711,5.3127,11.7136,11.6612,81.64,24.09,182,184,7063,80.3
2025-10-06_17:33:59,raspberrypi,raspberry-pi,Debian GNU/Linux 13 (trixie),nano-125m-q5,3,4,512,128,512,128,6.2703,5.2588,11.6597,11.6064,81.65,24.34,180,184,7066,80.3
2025-10-06_17:34:18,raspberrypi,raspberry-pi,Debian GNU/Linux 13 (trixie),nano-125m-q5,1,4,1024,32,1024,32,14.2989,1.5035,16.8283,16.7506,71.61,21.28,180,184,7061,81.3
2025-10-06_17:34:37,raspberrypi,raspberry-pi,Debian GNU/Linux 13 (trixie),nano-125m-q5,2,4,1024,32,1024,32,14.4432,1.5878,16.1898,16.1122,70.90,20.15,182,184,7055,80.8
2025-10-06_17:34:55,raspberrypi,raspberry-pi,Debian GNU/Linux 13 (trixie),nano-125m-q5,3,4,1024,32,1024,32,14.6101,1.5177,16.2848,16.2052,70.09,21.08,182,184,7054,81.3
2025-10-06_17:35:15,raspberrypi,raspberry-pi,Debian GNU/Linux 13 (trixie),nano-125m-q5,1,4,1024,64,1024,64,14.6286,3.3502,18.1301,18.0558,70.00,19.10,184,184,7050,80.3
2025-10-06_17:35:36,raspberrypi,raspberry-pi,Debian GNU/Linux 13 (trixie),nano-125m-q5,2,4,1024,64,1024,64,14.7124,3.4296,18.2925,18.2182,69.60,18.66,181,184,7051,81.3
2025-10-06_17:35:56,raspberrypi,raspberry-pi,Debian GNU/Linux 13 (trixie),nano-125m-q5,3,4,1024,64,1024,64,14.6606,3.0280,17.8421,17.7666,69.85,21.14,184,184,7050,80.8
2025-10-06_17:36:19,raspberrypi,raspberry-pi,Debian GNU/Linux 13 (trixie),nano-125m-q5,1,4,1024,128,1024,128,14.6628,6.1261,20.9428,20.8649,69.84,20.89,184,184,7049,81.3
2025-10-06_17:36:43,raspberrypi,raspberry-pi,Debian GNU/Linux 13 (trixie),nano-125m-q5,2,4,1024,128,1024,128,14.7160,6.5382,21.4071,21.3307,69.58,19.58,184,184,7048,80.8
2025-10-06_17:37:06,raspberrypi,raspberry-pi,Debian GNU/Linux 13 (trixie),nano-125m-q5,3,4,1024,128,1024,128,14.7259,6.1956,21.0720,20.9966,69.54,20.66,181,184,7055,82.3
2025-10-06_17:37:46,raspberrypi,raspberry-pi,Debian GNU/Linux 13 (trixie),nano-125m-q5,1,4,2048,32,2048,32,35.2581,1.7678,38.0910,37.9753,58.09,18.10,180,184,7026,81.8
2025-10-06_17:38:26,raspberrypi,raspberry-pi,Debian GNU/Linux 13 (trixie),nano-125m-q5,2,4,2048,32,2048,32,35.5538,1.7993,37.5525,37.4317,57.60,17.78,181,184,7021,81.3
2025-10-06_17:39:06,raspberrypi,raspberry-pi,Debian GNU/Linux 13 (trixie),nano-125m-q5,3,4,2048,32,2048,32,35.8546,1.7946,37.8505,37.7305,57.12,17.83,181,184,7018,81.8
2025-10-06_17:39:48,raspberrypi,raspberry-pi,Debian GNU/Linux 13 (trixie),nano-125m-q5,1,4,2048,64,2048,64,36.1346,3.6680,40.0085,39.8836,56.68,17.45,183,184,7014,81.8
2025-10-06_17:40:30,raspberrypi,raspberry-pi,Debian GNU/Linux 13 (trixie),nano-125m-q5,2,4,2048,64,2048,64,35.8013,3.6377,39.6375,39.5199,57.20,17.59,183,184,7010,80.8
2025-10-06_17:41:12,raspberrypi,raspberry-pi,Debian GNU/Linux 13 (trixie),nano-125m-q5,3,4,2048,64,2048,64,36.1195,3.6564,39.9833,39.8606,56.70,17.50,183,184,7012,81.3
2025-10-06_17:41:58,raspberrypi,raspberry-pi,Debian GNU/Linux 13 (trixie),nano-125m-q5,1,4,2048,128,2048,128,36.0188,7.1250,43.3454,43.2259,56.86,17.96,183,184,7004,81.3
2025-10-06_17:42:44,raspberrypi,raspberry-pi,Debian GNU/Linux 13 (trixie),nano-125m-q5,2,4,2048,128,2048,128,36.0692,7.1778,43.4530,43.3281,56.78,17.83,180,184,7014,81.8
2025-10-06_17:43:29,raspberrypi,raspberry-pi,Debian GNU/Linux 13 (trixie),nano-125m-q5,3,4,2048,128,2048,128,36.2185,7.0937,43.5217,43.3921,56.55,18.04,181,184,7008,80.8
2025-10-06_17:45:10,raspberrypi,raspberry-pi,Debian GNU/Linux 13 (trixie),nano-125m-q5,1,4,4096,32,4096,32,94.7489,2.3509,98.2671,98.0591,43.23,13.61,184,184,6951,80.8
2025-10-06_17:46:50,raspberrypi,raspberry-pi,Debian GNU/Linux 13 (trixie),nano-125m-q5,2,4,4096,32,4096,32,94.6233,2.3442,97.2678,97.0555,43.29,13.65,181,184,6947,81.3
2025-10-06_17:48:30,raspberrypi,raspberry-pi,Debian GNU/Linux 13 (trixie),nano-125m-q5,3,4,4096,32,4096,32,95.5925,2.3448,98.2378,98.0241,42.85,13.65,184,184,6933,81.8
2025-10-06_17:50:13,raspberrypi,raspberry-pi,Debian GNU/Linux 13 (trixie),nano-125m-q5,1,4,4096,64,4096,64,95.3146,4.6803,100.2937,100.0829,42.97,13.67,182,184,6940,81.3
2025-10-06_17:51:55,raspberrypi,raspberry-pi,Debian GNU/Linux 13 (trixie),nano-125m-q5,2,4,4096,64,4096,64,94.9559,4.6518,99.8981,99.6906,43.14,13.76,180,184,6939,81.3
2025-10-06_17:53:37,raspberrypi,raspberry-pi,Debian GNU/Linux 13 (trixie),nano-125m-q5,3,4,4096,64,4096,64,95.0223,4.6752,99.9863,99.7831,43.11,13.69,183,184,6935,80.8
2025-10-06_17:55:24,raspberrypi,raspberry-pi,Debian GNU/Linux 13 (trixie),nano-125m-q5,1,4,4096,128,4096,128,95.2717,9.3359,104.9100,104.6951,42.99,13.71,180,184,6933,81.8
2025-10-06_17:57:11,raspberrypi,raspberry-pi,Debian GNU/Linux 13 (trixie),nano-125m-q5,2,4,4096,128,4096,128,94.8727,9.3077,104.4769,104.2648,43.17,13.75,183,184,6932,81.8
2025-10-06_17:58:58,raspberrypi,raspberry-pi,Debian GNU/Linux 13 (trixie),nano-125m-q5,3,4,4096,128,4096,128,94.4917,9.3558,104.1406,103.9365,43.35,13.68,183,184,6931,82.3
2025-10-06_17:59:13,raspberrypi,raspberry-pi,Debian GNU/Linux 13 (trixie),nano-125m-f16,1,2,512,32,512,32,9.3505,2.6507,13.1883,13.1354,54.76,12.07,179,184,6648,78.4
2025-10-06_17:59:27,raspberrypi,raspberry-pi,Debian GNU/Linux 13 (trixie),nano-125m-f16,2,2,512,32,512,32,9.2451,2.6622,12.0360,11.9848,55.38,12.02,180,184,6644,77.9
2025-10-06_17:59:41,raspberrypi,raspberry-pi,Debian GNU/Linux 13 (trixie),nano-125m-f16,3,2,512,32,512,32,9.2365,2.6451,12.0097,11.9584,55.43,12.10,180,184,6647,77.4
2025-10-06_17:59:58,raspberrypi,raspberry-pi,Debian GNU/Linux 13 (trixie),nano-125m-f16,1,2,512,64,512,64,9.2388,5.3064,14.6743,14.6206,55.42,12.06,183,184,6643,76.9
2025-10-06_18:00:15,raspberrypi,raspberry-pi,Debian GNU/Linux 13 (trixie),nano-125m-f16,2,2,512,64,512,64,9.2464,5.3459,14.7198,14.6682,55.37,11.97,180,184,6646,77.4
2025-10-06_18:00:32,raspberrypi,raspberry-pi,Debian GNU/Linux 13 (trixie),nano-125m-f16,3,2,512,64,512,64,9.2403,5.3089,14.6793,14.6247,55.41,12.06,183,184,6646,75.9
2025-10-06_18:00:54,raspberrypi,raspberry-pi,Debian GNU/Linux 13 (trixie),nano-125m-f16,1,2,512,128,512,128,9.2383,10.7411,20.1101,20.0564,55.42,11.92,183,184,6647,75.4
2025-10-06_18:01:17,raspberrypi,raspberry-pi,Debian GNU/Linux 13 (trixie),nano-125m-f16,2,2,512,128,512,128,9.2483,10.8297,20.2028,20.1522,55.36,11.82,180,184,6649,75.0
2025-10-06_18:01:39,raspberrypi,raspberry-pi,Debian GNU/Linux 13 (trixie),nano-125m-f16,3,2,512,128,512,128,9.2419,10.7654,20.1377,20.0853,55.40,11.89,183,184,6649,75.0
2025-10-06_18:02:06,raspberrypi,raspberry-pi,Debian GNU/Linux 13 (trixie),nano-125m-f16,1,2,1024,32,1024,32,20.5458,2.8458,24.6867,24.6153,49.84,11.24,179,184,6643,75.4
2025-10-06_18:02:32,raspberrypi,raspberry-pi,Debian GNU/Linux 13 (trixie),nano-125m-f16,2,2,1024,32,1024,32,20.5666,2.8392,23.5583,23.4846,49.79,11.27,182,184,6640,74.0
2025-10-06_18:02:57,raspberrypi,raspberry-pi,Debian GNU/Linux 13 (trixie),nano-125m-f16,3,2,1024,32,1024,32,20.5142,2.8590,23.5322,23.4548,49.92,11.19,183,184,6636,74.5
2025-10-06_18:03:26,raspberrypi,raspberry-pi,Debian GNU/Linux 13 (trixie),nano-125m-f16,1,2,1024,64,1024,64,20.4895,5.7504,26.3866,26.3142,49.98,11.13,180,184,6635,75.0
2025-10-06_18:03:54,raspberrypi,raspberry-pi,Debian GNU/Linux 13 (trixie),nano-125m-f16,2,2,1024,64,1024,64,20.5112,5.7324,26.3956,26.3215,49.92,11.16,180,184,6637,75.0
2025-10-06_18:04:23,raspberrypi,raspberry-pi,Debian GNU/Linux 13 (trixie),nano-125m-f16,3,2,1024,64,1024,64,20.5131,5.7261,26.3875,26.3149,49.92,11.18,180,184,6905,74.5
2025-10-06_18:04:57,raspberrypi,raspberry-pi,Debian GNU/Linux 13 (trixie),nano-125m-f16,1,2,1024,128,1024,128,20.4992,11.5902,32.2434,32.1710,49.95,11.04,183,184,6901,75.0
2025-10-06_18:05:32,raspberrypi,raspberry-pi,Debian GNU/Linux 13 (trixie),nano-125m-f16,2,2,1024,128,1024,128,20.5072,11.5679,32.2518,32.1700,49.93,11.07,183,184,6899,74.0
2025-10-06_18:06:06,raspberrypi,raspberry-pi,Debian GNU/Linux 13 (trixie),nano-125m-f16,3,2,1024,128,1024,128,20.5473,11.5955,32.2931,32.2188,49.84,11.04,180,184,6900,74.5
2025-10-06_18:07:02,raspberrypi,raspberry-pi,Debian GNU/Linux 13 (trixie),nano-125m-f16,1,2,2048,32,2048,32,48.8363,3.2175,53.3916,53.2773,41.94,9.95,180,184,6873,74.0
2025-10-06_18:07:57,raspberrypi,raspberry-pi,Debian GNU/Linux 13 (trixie),nano-125m-f16,2,2,2048,32,2048,32,48.9791,3.2270,52.4032,52.2877,41.81,9.92,180,184,6871,74.5
2025-10-06_18:08:51,raspberrypi,raspberry-pi,Debian GNU/Linux 13 (trixie),nano-125m-f16,3,2,2048,32,2048,32,48.9286,3.2168,52.3417,52.2283,41.86,9.95,180,184,6869,74.0
2025-10-06_18:09:49,raspberrypi,raspberry-pi,Debian GNU/Linux 13 (trixie),nano-125m-f16,1,2,2048,64,2048,64,48.8432,6.4121,55.4521,55.3375,41.93,9.98,180,184,6866,74.5
2025-10-06_18:10:47,raspberrypi,raspberry-pi,Debian GNU/Linux 13 (trixie),nano-125m-f16,2,2,2048,64,2048,64,48.9166,6.4676,55.5774,55.4623,41.87,9.90,180,184,6863,75.0
2025-10-06_18:11:44,raspberrypi,raspberry-pi,Debian GNU/Linux 13 (trixie),nano-125m-f16,3,2,2048,64,2048,64,48.9290,6.4691,55.5927,55.4776,41.86,9.89,181,184,6862,75.0
2025-10-06_18:12:49,raspberrypi,raspberry-pi,Debian GNU/Linux 13 (trixie),nano-125m-f16,1,2,2048,128,2048,128,48.8655,13.0514,62.1094,61.9953,41.91,9.81,181,184,6861,74.0
2025-10-06_18:13:53,raspberrypi,raspberry-pi,Debian GNU/Linux 13 (trixie),nano-125m-f16,2,2,2048,128,2048,128,48.8848,13.0665,62.1464,62.0301,41.89,9.80,180,184,6861,73.5
2025-10-06_18:14:57,raspberrypi,raspberry-pi,Debian GNU/Linux 13 (trixie),nano-125m-f16,3,2,2048,128,2048,128,48.8670,13.0231,62.0869,61.9703,41.91,9.83,180,184,6858,74.0
2025-10-06_18:17:18,raspberrypi,raspberry-pi,Debian GNU/Linux 13 (trixie),nano-125m-f16,1,2,4096,32,4096,32,133.2110,3.9584,138.6253,138.4254,30.75,8.08,180,184,6809,73.5
2025-10-06_18:19:38,raspberrypi,raspberry-pi,Debian GNU/Linux 13 (trixie),nano-125m-f16,2,2,4096,32,4096,32,133.0370,3.9256,137.2483,137.0491,30.79,8.15,182,184,6803,73.5
2025-10-06_18:21:58,raspberrypi,raspberry-pi,Debian GNU/Linux 13 (trixie),nano-125m-f16,3,2,4096,32,4096,32,133.0316,3.9426,137.2590,137.0623,30.79,8.12,182,184,6801,74.5
2025-10-06_18:24:21,raspberrypi,raspberry-pi,Debian GNU/Linux 13 (trixie),nano-125m-f16,1,2,4096,64,4096,64,133.0502,7.9229,141.2548,141.0584,30.79,8.08,181,184,6792,73.0
2025-10-06_18:26:45,raspberrypi,raspberry-pi,Debian GNU/Linux 13 (trixie),nano-125m-f16,2,2,4096,64,4096,64,133.0755,8.0088,141.3659,141.1695,30.78,7.99,181,184,6786,73.0
2025-10-06_18:29:08,raspberrypi,raspberry-pi,Debian GNU/Linux 13 (trixie),nano-125m-f16,3,2,4096,64,4096,64,132.9580,8.0200,141.2611,141.0629,30.81,7.98,181,184,6794,74.0
2025-10-06_18:31:40,raspberrypi,raspberry-pi,Debian GNU/Linux 13 (trixie),nano-125m-f16,1,2,4096,128,4096,128,132.9896,15.9943,149.2728,149.0694,30.80,8.00,182,184,6790,74.0
2025-10-06_18:34:12,raspberrypi,raspberry-pi,Debian GNU/Linux 13 (trixie),nano-125m-f16,2,2,4096,128,4096,128,133.0191,16.0660,149.3737,149.1703,30.79,7.97,181,185,6785,72.5
2025-10-06_18:36:43,raspberrypi,raspberry-pi,Debian GNU/Linux 13 (trixie),nano-125m-f16,3,2,4096,128,4096,128,132.7988,15.9571,149.0407,148.8420,30.84,8.02,182,185,6783,75.0
2025-10-06_18:36:54,raspberrypi,raspberry-pi,Debian GNU/Linux 13 (trixie),nano-125m-f16,1,4,512,32,512,32,5.2986,2.7847,9.3881,9.3366,96.63,11.49,181,185,6926,75.9
2025-10-06_18:37:05,raspberrypi,raspberry-pi,Debian GNU/Linux 13 (trixie),nano-125m-f16,2,4,512,32,512,32,5.2269,3.0593,8.4195,8.3679,97.95,10.46,183,185,6922,77.9
2025-10-06_18:37:15,raspberrypi,raspberry-pi,Debian GNU/Linux 13 (trixie),nano-125m-f16,3,4,512,32,512,32,5.2212,2.9124,8.2615,8.2094,98.06,10.99,182,185,6921,77.4
2025-10-06_18:37:29,raspberrypi,raspberry-pi,Debian GNU/Linux 13 (trixie),nano-125m-f16,1,4,512,64,512,64,5.2529,5.6456,11.0254,10.9733,97.47,11.34,182,185,6918,78.8
2025-10-06_18:37:42,raspberrypi,raspberry-pi,Debian GNU/Linux 13 (trixie),nano-125m-f16,2,4,512,64,512,64,5.2349,5.6631,11.0251,10.9731,97.81,11.30,185,185,6919,78.8
2025-10-06_18:37:55,raspberrypi,raspberry-pi,Debian GNU/Linux 13 (trixie),nano-125m-f16,3,4,512,64,512,64,5.2707,5.6783,11.0745,11.0222,97.14,11.27,185,185,6918,79.3
2025-10-06_18:38:14,raspberrypi,raspberry-pi,Debian GNU/Linux 13 (trixie),nano-125m-f16,1,4,512,128,512,128,5.2790,11.5296,16.9337,16.8818,96.99,11.10,181,185,6919,78.8
2025-10-06_18:38:33,raspberrypi,raspberry-pi,Debian GNU/Linux 13 (trixie),nano-125m-f16,2,4,512,128,512,128,5.3035,11.6779,17.1135,17.0585,96.54,10.96,184,185,6916,78.8
2025-10-06_18:38:52,raspberrypi,raspberry-pi,Debian GNU/Linux 13 (trixie),nano-125m-f16,3,4,512,128,512,128,5.3144,11.4091,16.8494,16.7975,96.34,11.22,182,185,6918,79.3
2025-10-06_18:39:12,raspberrypi,raspberry-pi,Debian GNU/Linux 13 (trixie),nano-125m-f16,1,4,1024,32,1024,32,12.5094,3.0653,16.8746,16.8002,81.86,10.44,181,185,6910,80.3
2025-10-06_18:39:30,raspberrypi,raspberry-pi,Debian GNU/Linux 13 (trixie),nano-125m-f16,2,4,1024,32,1024,32,12.6393,3.2072,15.9968,15.9255,81.02,9.98,182,185,6906,80.3
2025-10-06_18:39:48,raspberrypi,raspberry-pi,Debian GNU/Linux 13 (trixie),nano-125m-f16,3,4,1024,32,1024,32,12.6089,3.3182,16.0748,16.0037,81.21,9.64,182,185,6903,79.8
2025-10-06_18:40:09,raspberrypi,raspberry-pi,Debian GNU/Linux 13 (trixie),nano-125m-f16,1,4,1024,64,1024,64,12.6200,6.4817,19.2529,19.1797,81.14,9.87,182,185,6904,79.8
2025-10-06_18:40:31,raspberrypi,raspberry-pi,Debian GNU/Linux 13 (trixie),nano-125m-f16,2,4,1024,64,1024,64,12.6595,6.2176,19.0260,18.9545,80.89,10.29,182,185,6900,80.3
2025-10-06_18:40:52,raspberrypi,raspberry-pi,Debian GNU/Linux 13 (trixie),nano-125m-f16,3,4,1024,64,1024,64,12.6893,6.3925,19.2303,19.1586,80.70,10.01,182,185,6899,80.3
2025-10-06_18:41:20,raspberrypi,raspberry-pi,Debian GNU/Linux 13 (trixie),nano-125m-f16,1,4,1024,128,1024,128,12.7824,13.0026,25.9392,25.8620,80.11,9.84,182,185,6894,79.8
2025-10-06_18:41:48,raspberrypi,raspberry-pi,Debian GNU/Linux 13 (trixie),nano-125m-f16,2,4,1024,128,1024,128,12.8112,13.0012,25.9638,25.8909,79.93,9.85,182,185,6895,79.3
2025-10-06_18:42:16,raspberrypi,raspberry-pi,Debian GNU/Linux 13 (trixie),nano-125m-f16,3,4,1024,128,1024,128,12.7617,12.6765,25.5878,25.5153,80.24,10.10,184,185,6897,79.3
2025-10-06_18:42:54,raspberrypi,raspberry-pi,Debian GNU/Linux 13 (trixie),nano-125m-f16,1,4,2048,32,2048,32,31.0339,3.5659,35.9751,35.8484,65.99,8.97,174,185,6884,80.8
2025-10-06_18:43:32,raspberrypi,raspberry-pi,Debian GNU/Linux 13 (trixie),nano-125m-f16,2,4,2048,32,2048,32,31.4060,3.6342,35.2421,35.1200,65.21,8.81,172,185,6879,80.8
2025-10-06_18:44:09,raspberrypi,raspberry-pi,Debian GNU/Linux 13 (trixie),nano-125m-f16,3,4,2048,32,2048,32,31.4613,3.6533,35.3197,35.1963,65.10,8.76,174,185,6873,80.8
2025-10-06_18:44:51,raspberrypi,raspberry-pi,Debian GNU/Linux 13 (trixie),nano-125m-f16,1,4,2048,64,2048,64,31.6872,7.1177,38.9987,38.8846,64.63,8.99,174,185,6875,80.8
2025-10-06_18:45:32,raspberrypi,raspberry-pi,Debian GNU/Linux 13 (trixie),nano-125m-f16,2,4,2048,64,2048,64,31.9133,7.0508,39.1588,39.0429,64.17,9.08,177,185,6869,81.8
2025-10-06_18:46:13,raspberrypi,raspberry-pi,Debian GNU/Linux 13 (trixie),nano-125m-f16,3,4,2048,64,2048,64,31.5922,7.1495,38.9357,38.8198,64.83,8.95,174,185,6875,80.8
2025-10-06_18:47:01,raspberrypi,raspberry-pi,Debian GNU/Linux 13 (trixie),nano-125m-f16,1,4,2048,128,2048,128,31.3438,14.2236,45.7706,45.6492,65.34,9.00,176,185,6867,80.3
2025-10-06_18:47:49,raspberrypi,raspberry-pi,Debian GNU/Linux 13 (trixie),nano-125m-f16,2,4,2048,128,2048,128,31.4661,14.2545,45.9175,45.7981,65.09,8.98,177,185,6869,80.3
2025-10-06_18:48:37,raspberrypi,raspberry-pi,Debian GNU/Linux 13 (trixie),nano-125m-f16,3,4,2048,128,2048,128,31.6203,14.0248,45.8465,45.7275,64.77,9.13,174,185,6863,80.3
2025-10-06_18:50:11,raspberrypi,raspberry-pi,Debian GNU/Linux 13 (trixie),nano-125m-f16,1,4,4096,32,4096,32,85.8995,4.1529,91.5044,91.3042,47.68,7.71,176,185,6811,81.3
2025-10-06_18:51:43,raspberrypi,raspberry-pi,Debian GNU/Linux 13 (trixie),nano-125m-f16,2,4,4096,32,4096,32,85.6203,4.1574,90.0635,89.8638,47.84,7.70,177,185,6804,81.3
2025-10-06_18:53:16,raspberrypi,raspberry-pi,Debian GNU/Linux 13 (trixie),nano-125m-f16,3,4,4096,32,4096,32,86.1596,4.1334,90.5828,90.3794,47.54,7.74,172,185,6806,80.8
2025-10-06_18:54:53,raspberrypi,raspberry-pi,Debian GNU/Linux 13 (trixie),nano-125m-f16,1,4,4096,64,4096,64,85.6651,8.3003,94.2551,94.0511,47.81,7.71,174,185,6802,81.8
2025-10-06_18:56:30,raspberrypi,raspberry-pi,Debian GNU/Linux 13 (trixie),nano-125m-f16,2,4,4096,64,4096,64,86.2021,8.3002,94.7866,94.5868,47.52,7.71,174,185,6801,81.8
2025-10-06_18:58:07,raspberrypi,raspberry-pi,Debian GNU/Linux 13 (trixie),nano-125m-f16,3,4,4096,64,4096,64,86.2064,8.1878,94.6853,94.4841,47.51,7.82,177,185,6793,80.3
2025-10-06_18:59:52,raspberrypi,raspberry-pi,Debian GNU/Linux 13 (trixie),nano-125m-f16,1,4,4096,128,4096,128,85.6294,16.2919,102.2091,102.0090,47.83,7.86,177,185,6793,80.8
2025-10-06_19:01:36,raspberrypi,raspberry-pi,Debian GNU/Linux 13 (trixie),nano-125m-f16,2,4,4096,128,4096,128,85.8693,16.4362,102.5952,102.3895,47.70,7.79,174,185,6796,80.3
2025-10-06_19:03:22,raspberrypi,raspberry-pi,Debian GNU/Linux 13 (trixie),nano-125m-f16,3,4,4096,128,4096,128,86.5733,16.4928,103.3557,103.1539,47.31,7.76,177,185,6794,81.3
2025-10-06_19:03:55,raspberrypi,raspberry-pi,Debian GNU/Linux 13 (trixie),nano-260m-q5,1,2,512,32,512,32,26.5153,2.6855,30.4000,30.3497,19.31,11.92,184,185,6520,78.4
2025-10-06_19:04:26,raspberrypi,raspberry-pi,Debian GNU/Linux 13 (trixie),nano-260m-q5,2,2,512,32,512,32,26.2963,2.6712,29.0953,29.0455,19.47,11.98,184,185,6528,78.8
2025-10-06_19:04:57,raspberrypi,raspberry-pi,Debian GNU/Linux 13 (trixie),nano-260m-q5,3,2,512,32,512,32,26.2902,2.6654,29.0856,29.0326,19.47,12.01,182,185,6526,77.9
2025-10-06_19:05:31,raspberrypi,raspberry-pi,Debian GNU/Linux 13 (trixie),nano-260m-q5,1,2,512,64,512,64,26.2895,5.4193,31.8402,31.7860,19.48,11.81,182,185,6529,77.9
2025-10-06_19:06:05,raspberrypi,raspberry-pi,Debian GNU/Linux 13 (trixie),nano-260m-q5,2,2,512,64,512,64,26.2749,5.4186,31.8216,31.7703,19.49,11.81,185,185,6525,76.9
2025-10-06_19:06:39,raspberrypi,raspberry-pi,Debian GNU/Linux 13 (trixie),nano-260m-q5,3,2,512,64,512,64,26.2887,5.4026,31.8303,31.7755,19.48,11.85,181,185,6527,76.4
2025-10-06_19:07:19,raspberrypi,raspberry-pi,Debian GNU/Linux 13 (trixie),nano-260m-q5,1,2,512,128,512,128,26.2790,10.8474,37.2541,37.2024,19.48,11.80,182,185,6528,77.9
2025-10-06_19:07:58,raspberrypi,raspberry-pi,Debian GNU/Linux 13 (trixie),nano-260m-q5,2,2,512,128,512,128,26.3318,10.9020,37.3654,37.3123,19.44,11.74,182,185,6530,77.4
2025-10-06_19:08:38,raspberrypi,raspberry-pi,Debian GNU/Linux 13 (trixie),nano-260m-q5,3,2,512,128,512,128,26.2984,10.8908,37.3164,37.2642,19.47,11.75,185,185,6941,77.4
2025-10-06_19:09:42,raspberrypi,raspberry-pi,Debian GNU/Linux 13 (trixie),nano-260m-q5,1,2,1024,32,1024,32,58.0208,3.1001,62.4075,62.3332,17.65,10.32,180,185,6931,76.4
2025-10-06_19:10:46,raspberrypi,raspberry-pi,Debian GNU/Linux 13 (trixie),nano-260m-q5,2,2,1024,32,1024,32,58.1133,3.1073,61.4252,61.3323,17.62,10.30,182,185,6929,76.4
2025-10-06_19:11:49,raspberrypi,raspberry-pi,Debian GNU/Linux 13 (trixie),nano-260m-q5,3,2,1024,32,1024,32,58.0266,3.1137,61.2909,61.2191,17.65,10.28,185,185,6920,75.9
2025-10-06_19:12:56,raspberrypi,raspberry-pi,Debian GNU/Linux 13 (trixie),nano-260m-q5,1,2,1024,64,1024,64,57.9681,6.2721,64.3882,64.3149,17.66,10.20,182,185,6925,76.4
2025-10-06_19:14:02,raspberrypi,raspberry-pi,Debian GNU/Linux 13 (trixie),nano-260m-q5,2,2,1024,64,1024,64,57.9988,6.2594,64.4072,64.3352,17.66,10.22,182,185,6925,75.9
2025-10-06_19:15:09,raspberrypi,raspberry-pi,Debian GNU/Linux 13 (trixie),nano-260m-q5,3,2,1024,64,1024,64,57.6543,6.2675,64.0763,64.0020,17.76,10.21,185,185,6923,77.4
2025-10-06_19:16:21,raspberrypi,raspberry-pi,Debian GNU/Linux 13 (trixie),nano-260m-q5,1,2,1024,128,1024,128,57.6884,12.5096,70.3515,70.2740,17.75,10.23,182,185,6924,76.4
2025-10-06_19:17:34,raspberrypi,raspberry-pi,Debian GNU/Linux 13 (trixie),nano-260m-q5,2,2,1024,128,1024,128,57.7748,12.5537,70.4790,70.4055,17.72,10.20,185,185,6922,75.9
2025-10-06_19:18:47,raspberrypi,raspberry-pi,Debian GNU/Linux 13 (trixie),nano-260m-q5,3,2,1024,128,1024,128,57.8213,12.5654,70.5380,70.4633,17.71,10.19,182,185,6920,75.0
2025-10-06_19:21:08,raspberrypi,raspberry-pi,Debian GNU/Linux 13 (trixie),nano-260m-q5,1,2,2048,32,2048,32,133.3937,3.9766,138.7189,138.6030,15.35,8.05,181,185,6886,75.9
2025-10-06_19:23:28,raspberrypi,raspberry-pi,Debian GNU/Linux 13 (trixie),nano-260m-q5,2,2,2048,32,2048,32,133.6893,3.9734,137.8622,137.7461,15.32,8.05,181,185,6878,75.4
2025-10-06_19:25:48,raspberrypi,raspberry-pi,Debian GNU/Linux 13 (trixie),nano-260m-q5,3,2,2048,32,2048,32,133.8488,3.9821,138.0876,137.9572,15.30,8.04,182,185,6881,75.0
2025-10-06_19:28:12,raspberrypi,raspberry-pi,Debian GNU/Linux 13 (trixie),nano-260m-q5,1,2,2048,64,2048,64,133.5303,8.0084,141.7656,141.6393,15.34,7.99,180,185,6883,76.4
2025-10-06_19:30:36,raspberrypi,raspberry-pi,Debian GNU/Linux 13 (trixie),nano-260m-q5,2,2,2048,64,2048,64,133.6302,8.0071,141.8341,141.7209,15.33,7.99,182,185,6877,75.0
2025-10-06_19:33:00,raspberrypi,raspberry-pi,Debian GNU/Linux 13 (trixie),nano-260m-q5,3,2,2048,64,2048,64,133.6985,8.0165,141.9146,141.7972,15.32,7.98,181,185,6875,75.4
2025-10-06_19:35:33,raspberrypi,raspberry-pi,Debian GNU/Linux 13 (trixie),nano-260m-q5,1,2,2048,128,2048,128,133.9686,16.0511,150.2199,150.1033,15.29,7.97,181,185,6874,75.9
2025-10-06_19:38:05,raspberrypi,raspberry-pi,Debian GNU/Linux 13 (trixie),nano-260m-q5,2,2,2048,128,2048,128,133.8017,16.0366,150.0349,149.9196,15.31,7.98,180,185,6878,75.4
2025-10-06_19:40:37,raspberrypi,raspberry-pi,Debian GNU/Linux 13 (trixie),nano-260m-q5,3,2,2048,128,2048,128,134.0942,16.0412,150.3337,150.2167,15.27,7.98,181,185,6877,76.4
2025-10-06_21:26:47,raspberrypi,raspberry-pi,Debian GNU/Linux 13 (trixie),nano-125m-q5,1,2,512,32,512,32,11.6879,1.2110,13.0295,12.9758,43.81,26.42,185,185,6230,59.9
2025-10-06_21:27:02,raspberrypi,raspberry-pi,Debian GNU/Linux 13 (trixie),nano-125m-q5,2,2,512,32,512,32,11.5881,1.2185,12.9329,12.8810,44.18,26.26,183,186,6250,61.8
2025-10-06_21:27:17,raspberrypi,raspberry-pi,Debian GNU/Linux 13 (trixie),nano-125m-q5,3,2,512,32,512,32,11.5895,1.2158,12.9382,12.8863,44.18,26.32,183,186,6248,62.8
2025-10-06_21:27:33,raspberrypi,raspberry-pi,Debian GNU/Linux 13 (trixie),nano-125m-q5,1,2,512,64,512,64,11.5929,2.4487,14.1725,14.1204,44.16,26.14,182,186,6248,64.2
2025-10-06_21:27:49,raspberrypi,raspberry-pi,Debian GNU/Linux 13 (trixie),nano-125m-q5,2,2,512,64,512,64,11.5867,2.4544,14.1761,14.1205,44.19,26.08,184,186,6246,65.7
2025-10-06_21:28:06,raspberrypi,raspberry-pi,Debian GNU/Linux 13 (trixie),nano-125m-q5,3,2,512,64,512,64,11.6257,2.4399,14.1941,14.1405,44.04,26.23,185,186,6245,65.7
2025-10-06_21:28:25,raspberrypi,raspberry-pi,Debian GNU/Linux 13 (trixie),nano-125m-q5,1,2,512,128,512,128,11.5897,4.9162,16.6893,16.6154,44.18,26.04,184,186,6244,65.7
2025-10-06_21:28:43,raspberrypi,raspberry-pi,Debian GNU/Linux 13 (trixie),nano-125m-q5,2,2,512,128,512,128,11.6245,4.9320,16.6906,16.6372,44.04,25.95,185,186,6245,67.6
2025-10-06_21:29:02,raspberrypi,raspberry-pi,Debian GNU/Linux 13 (trixie),nano-125m-q5,3,2,512,128,512,128,11.5823,4.9187,16.6308,16.5776,44.21,26.02,185,186,6244,67.6
2025-10-06_21:29:32,raspberrypi,raspberry-pi,Debian GNU/Linux 13 (trixie),nano-125m-q5,1,2,1024,32,1024,32,25.3013,1.4001,27.7141,27.6421,40.47,22.86,181,186,6239,67.2
2025-10-06_21:30:01,raspberrypi,raspberry-pi,Debian GNU/Linux 13 (trixie),nano-125m-q5,2,2,1024,32,1024,32,25.3072,1.3973,26.8548,26.7809,40.46,22.90,183,186,6235,68.1
2025-10-06_21:30:30,raspberrypi,raspberry-pi,Debian GNU/Linux 13 (trixie),nano-125m-q5,3,2,1024,32,1024,32,25.2915,1.3942,26.8335,26.7611,40.49,22.95,184,186,6233,68.6
2025-10-06_21:31:01,raspberrypi,raspberry-pi,Debian GNU/Linux 13 (trixie),nano-125m-q5,1,2,1024,64,1024,64,25.3475,2.8211,28.3214,28.2484,40.40,22.69,183,186,6230,69.6
2025-10-06_21:31:31,raspberrypi,raspberry-pi,Debian GNU/Linux 13 (trixie),nano-125m-q5,2,2,1024,64,1024,64,25.3159,2.8453,28.3103,28.2363,40.45,22.49,185,186,6485,69.1
2025-10-06_21:32:02,raspberrypi,raspberry-pi,Debian GNU/Linux 13 (trixie),nano-125m-q5,3,2,1024,64,1024,64,25.2932,2.8067,28.2503,28.1748,40.49,22.80,182,186,7032,70.6
2025-10-06_21:32:35,raspberrypi,raspberry-pi,Debian GNU/Linux 13 (trixie),nano-125m-q5,1,2,1024,128,1024,128,25.2987,5.6477,31.0967,31.0235,40.48,22.66,183,186,7028,71.1
2025-10-06_21:33:08,raspberrypi,raspberry-pi,Debian GNU/Linux 13 (trixie),nano-125m-q5,2,2,1024,128,1024,128,25.2830,5.6342,31.0697,30.9956,40.50,22.72,182,186,7026,70.1
2025-10-06_21:33:41,raspberrypi,raspberry-pi,Debian GNU/Linux 13 (trixie),nano-125m-q5,3,2,1024,128,1024,128,25.2856,5.6668,31.1031,31.0287,40.50,22.59,182,186,7027,70.6
2025-10-06_21:34:45,raspberrypi,raspberry-pi,Debian GNU/Linux 13 (trixie),nano-125m-q5,1,2,2048,32,2048,32,59.0811,1.7803,61.9216,61.8056,34.66,17.97,181,186,7003,69.6
2025-10-06_21:35:49,raspberrypi,raspberry-pi,Debian GNU/Linux 13 (trixie),nano-125m-q5,2,2,2048,32,2048,32,59.1046,1.7749,61.0774,60.9626,34.65,18.03,182,186,6999,70.6
2025-10-06_21:36:52,raspberrypi,raspberry-pi,Debian GNU/Linux 13 (trixie),nano-125m-q5,3,2,2048,32,2048,32,59.0900,1.7742,61.0585,60.9435,34.66,18.04,181,186,6995,70.1
2025-10-06_21:37:57,raspberrypi,raspberry-pi,Debian GNU/Linux 13 (trixie),nano-125m-q5,1,2,2048,64,2048,64,59.1163,3.5609,62.8737,62.7592,34.64,17.97,184,186,6992,72.0
2025-10-06_21:39:02,raspberrypi,raspberry-pi,Debian GNU/Linux 13 (trixie),nano-125m-q5,2,2,2048,64,2048,64,59.0360,3.5670,62.7959,62.6819,34.69,17.94,185,186,6990,71.1
2025-10-06_21:40:07,raspberrypi,raspberry-pi,Debian GNU/Linux 13 (trixie),nano-125m-q5,3,2,2048,64,2048,64,59.0864,3.5545,62.8398,62.7233,34.66,18.01,183,186,6988,72.0
2025-10-06_21:41:16,raspberrypi,raspberry-pi,Debian GNU/Linux 13 (trixie),nano-125m-q5,1,2,2048,128,2048,128,59.0839,7.1300,66.4087,66.2947,34.66,17.95,185,186,6989,70.6
2025-10-06_21:42:24,raspberrypi,raspberry-pi,Debian GNU/Linux 13 (trixie),nano-125m-q5,2,2,2048,128,2048,128,59.1257,7.1675,66.4936,66.3762,34.64,17.86,181,186,6991,72.0
2025-10-06_21:43:33,raspberrypi,raspberry-pi,Debian GNU/Linux 13 (trixie),nano-125m-q5,3,2,2048,128,2048,128,59.0694,7.1532,66.4206,66.3056,34.67,17.89,183,186,6991,72.5
2025-10-06_21:46:12,raspberrypi,raspberry-pi,Debian GNU/Linux 13 (trixie),nano-125m-q5,1,2,4096,32,4096,32,152.9930,2.5299,156.6821,156.4844,26.77,12.65,181,186,6933,72.0
2025-10-06_21:48:50,raspberrypi,raspberry-pi,Debian GNU/Linux 13 (trixie),nano-125m-q5,2,2,4096,32,4096,32,152.5456,2.5310,155.3619,155.1648,26.85,12.64,181,186,6932,71.1
2025-10-06_21:51:28,raspberrypi,raspberry-pi,Debian GNU/Linux 13 (trixie),nano-125m-q5,3,2,4096,32,4096,32,152.6252,2.5329,155.4431,155.2440,26.84,12.63,181,186,6923,72.0
2025-10-06_21:54:08,raspberrypi,raspberry-pi,Debian GNU/Linux 13 (trixie),nano-125m-q5,1,2,4096,64,4096,64,152.5530,5.0615,157.8984,157.6981,26.85,12.64,181,186,6920,72.5
2025-10-06_21:56:48,raspberrypi,raspberry-pi,Debian GNU/Linux 13 (trixie),nano-125m-q5,2,2,4096,64,4096,64,152.6263,5.0730,157.9886,157.7887,26.84,12.62,180,186,6921,71.5
2025-10-06_21:59:28,raspberrypi,raspberry-pi,Debian GNU/Linux 13 (trixie),nano-125m-q5,3,2,4096,64,4096,64,152.4830,5.0664,157.8373,157.6373,26.86,12.63,181,186,6918,73.0
2025-10-06_22:02:14,raspberrypi,raspberry-pi,Debian GNU/Linux 13 (trixie),nano-125m-q5,1,2,4096,128,4096,128,152.6349,10.1150,163.0382,162.8357,26.84,12.65,181,186,6916,74.0
2025-10-06_22:04:59,raspberrypi,raspberry-pi,Debian GNU/Linux 13 (trixie),nano-125m-q5,2,2,4096,128,4096,128,152.8398,10.1373,163.2593,163.0639,26.80,12.63,181,186,6914,73.0
2025-10-06_22:07:44,raspberrypi,raspberry-pi,Debian GNU/Linux 13 (trixie),nano-125m-q5,3,2,4096,128,4096,128,152.6142,10.1373,163.0425,162.8387,26.84,12.63,181,186,6918,73.5
2025-10-06_22:07:55,raspberrypi,raspberry-pi,Debian GNU/Linux 13 (trixie),nano-125m-q5,1,4,512,32,512,32,6.1410,1.2097,8.3728,8.3184,83.37,26.45,180,186,7046,76.4
2025-10-06_22:08:05,raspberrypi,raspberry-pi,Debian GNU/Linux 13 (trixie),nano-125m-q5,2,4,512,32,512,32,6.0322,1.3718,7.5373,7.4844,84.88,23.33,184,186,7043,78.8
2025-10-06_22:08:14,raspberrypi,raspberry-pi,Debian GNU/Linux 13 (trixie),nano-125m-q5,3,4,512,32,512,32,6.0599,1.2242,7.4159,7.3618,84.49,26.14,184,186,7045,78.8
2025-10-06_22:08:25,raspberrypi,raspberry-pi,Debian GNU/Linux 13 (trixie),nano-125m-q5,1,4,512,64,512,64,6.0735,2.4889,8.6934,8.6390,84.30,25.71,184,186,7041,79.3
2025-10-06_22:08:36,raspberrypi,raspberry-pi,Debian GNU/Linux 13 (trixie),nano-125m-q5,2,4,512,64,512,64,6.1025,2.4917,8.7262,8.6730,83.90,25.69,180,186,7042,79.8
2025-10-06_22:08:47,raspberrypi,raspberry-pi,Debian GNU/Linux 13 (trixie),nano-125m-q5,3,4,512,64,512,64,6.1207,2.9979,9.2572,9.2016,83.65,21.35,184,186,7040,78.8
2025-10-06_22:09:02,raspberrypi,raspberry-pi,Debian GNU/Linux 13 (trixie),nano-125m-q5,1,4,512,128,512,128,6.1420,5.8601,12.1368,12.0830,83.36,21.84,182,186,7042,80.8
2025-10-06_22:09:15,raspberrypi,raspberry-pi,Debian GNU/Linux 13 (trixie),nano-125m-q5,2,4,512,128,512,128,6.1825,5.0735,11.3941,11.3370,82.81,25.23,185,186,7038,79.3
2025-10-06_22:09:29,raspberrypi,raspberry-pi,Debian GNU/Linux 13 (trixie),nano-125m-q5,3,4,512,128,512,128,6.2039,5.5193,11.8571,11.8021,82.53,23.19,183,186,7039,80.3
2025-10-06_22:09:48,raspberrypi,raspberry-pi,Debian GNU/Linux 13 (trixie),nano-125m-q5,1,4,1024,32,1024,32,14.1330,1.4754,16.6267,16.5499,72.45,21.69,185,186,7033,80.3
2025-10-06_22:10:06,raspberrypi,raspberry-pi,Debian GNU/Linux 13 (trixie),nano-125m-q5,2,4,1024,32,1024,32,14.2770,1.5361,15.9718,15.8942,71.72,20.83,183,186,7030,81.8
2025-10-06_22:10:24,raspberrypi,raspberry-pi,Debian GNU/Linux 13 (trixie),nano-125m-q5,3,4,1024,32,1024,32,14.4045,1.4536,16.0136,15.9378,71.09,22.01,181,186,7030,80.8
2025-10-06_22:10:45,raspberrypi,raspberry-pi,Debian GNU/Linux 13 (trixie),nano-125m-q5,1,4,1024,64,1024,64,14.4325,3.5220,18.1146,18.0373,70.95,18.17,185,186,7026,81.8
2025-10-06_22:11:05,raspberrypi,raspberry-pi,Debian GNU/Linux 13 (trixie),nano-125m-q5,2,4,1024,64,1024,64,14.4846,3.0148,17.6581,17.5803,70.70,21.23,182,186,7028,80.3
2025-10-06_22:11:25,raspberrypi,raspberry-pi,Debian GNU/Linux 13 (trixie),nano-125m-q5,3,4,1024,64,1024,64,14.4718,3.2820,17.9056,17.8303,70.76,19.50,182,186,7025,81.3
2025-10-06_22:11:47,raspberrypi,raspberry-pi,Debian GNU/Linux 13 (trixie),nano-125m-q5,1,4,1024,128,1024,128,14.4698,5.9815,20.6057,20.5301,70.77,21.40,182,186,7026,80.3
2025-10-06_22:12:10,raspberrypi,raspberry-pi,Debian GNU/Linux 13 (trixie),nano-125m-q5,2,4,1024,128,1024,128,14.5203,6.0858,20.7608,20.6839,70.52,21.03,185,186,7025,79.8
2025-10-06_22:12:34,raspberrypi,raspberry-pi,Debian GNU/Linux 13 (trixie),nano-125m-q5,3,4,1024,128,1024,128,14.5951,6.3504,21.0958,21.0224,70.16,20.16,182,186,7025,81.8
2025-10-06_22:13:14,raspberrypi,raspberry-pi,Debian GNU/Linux 13 (trixie),nano-125m-q5,1,4,2048,32,2048,32,34.8084,1.7713,37.6644,37.5408,58.84,18.07,181,186,6998,81.8
2025-10-06_22:13:53,raspberrypi,raspberry-pi,Debian GNU/Linux 13 (trixie),nano-125m-q5,2,4,2048,32,2048,32,35.3343,1.7660,37.3058,37.1807,57.96,18.12,181,186,6995,81.8
2025-10-06_22:14:32,raspberrypi,raspberry-pi,Debian GNU/Linux 13 (trixie),nano-125m-q5,3,4,2048,32,2048,32,35.0149,1.7633,36.9896,36.8571,58.49,18.15,182,186,6992,81.8
2025-10-06_22:15:14,raspberrypi,raspberry-pi,Debian GNU/Linux 13 (trixie),nano-125m-q5,1,4,2048,64,2048,64,35.3498,3.5887,39.1435,39.0177,57.94,17.83,185,186,6990,81.3
2025-10-06_22:15:55,raspberrypi,raspberry-pi,Debian GNU/Linux 13 (trixie),nano-125m-q5,2,4,2048,64,2048,64,35.3687,3.5513,39.1166,38.9969,57.90,18.02,186,186,6989,81.3
2025-10-06_22:16:36,raspberrypi,raspberry-pi,Debian GNU/Linux 13 (trixie),nano-125m-q5,3,4,2048,64,2048,64,35.1790,3.6524,39.0299,38.9077,58.22,17.52,186,186,6983,81.3
2025-10-06_22:17:21,raspberrypi,raspberry-pi,Debian GNU/Linux 13 (trixie),nano-125m-q5,1,4,2048,128,2048,128,35.1902,7.0809,42.4682,42.3475,58.20,18.08,186,186,6984,81.8
2025-10-06_22:18:06,raspberrypi,raspberry-pi,Debian GNU/Linux 13 (trixie),nano-125m-q5,2,4,2048,128,2048,128,35.7608,7.1163,43.0827,42.9573,57.27,17.99,182,186,6984,80.8
2025-10-06_22:18:51,raspberrypi,raspberry-pi,Debian GNU/Linux 13 (trixie),nano-125m-q5,3,4,2048,128,2048,128,35.4389,7.2217,42.8636,42.7429,57.79,17.72,186,186,6981,79.8
2025-10-06_22:20:31,raspberrypi,raspberry-pi,Debian GNU/Linux 13 (trixie),nano-125m-q5,1,4,4096,32,4096,32,93.3278,2.3291,96.8269,96.6225,43.89,13.74,185,186,6930,82.3
2025-10-06_22:22:09,raspberrypi,raspberry-pi,Debian GNU/Linux 13 (trixie),nano-125m-q5,2,4,4096,32,4096,32,93.4574,2.3413,96.0967,95.8854,43.83,13.67,183,186,6920,81.3
2025-10-06_22:23:47,raspberrypi,raspberry-pi,Debian GNU/Linux 13 (trixie),nano-125m-q5,3,4,4096,32,4096,32,93.3469,2.3400,95.9784,95.7749,43.88,13.68,182,186,6920,81.3
2025-10-06_22:25:29,raspberrypi,raspberry-pi,Debian GNU/Linux 13 (trixie),nano-125m-q5,1,4,4096,64,4096,64,94.6161,4.6609,99.5693,99.3639,43.29,13.73,184,186,6937,81.3
2025-10-06_22:27:10,raspberrypi,raspberry-pi,Debian GNU/Linux 13 (trixie),nano-125m-q5,2,4,4096,64,4096,64,93.7970,4.6674,98.7629,98.5500,43.67,13.71,186,186,6931,80.8
2025-10-06_22:28:51,raspberrypi,raspberry-pi,Debian GNU/Linux 13 (trixie),nano-125m-q5,3,4,4096,64,4096,64,93.6033,4.6783,98.5859,98.3692,43.76,13.68,183,186,6926,81.3
2025-10-06_22:30:37,raspberrypi,raspberry-pi,Debian GNU/Linux 13 (trixie),nano-125m-q5,1,4,4096,128,4096,128,94.2368,9.3070,103.8358,103.6291,43.46,13.75,186,186,6925,80.8
2025-10-06_22:32:23,raspberrypi,raspberry-pi,Debian GNU/Linux 13 (trixie),nano-125m-q5,2,4,4096,128,4096,128,94.1308,9.3319,103.7685,103.5475,43.51,13.72,181,186,6930,81.8
2025-10-06_22:34:09,raspberrypi,raspberry-pi,Debian GNU/Linux 13 (trixie),nano-125m-q5,3,4,4096,128,4096,128,94.0269,9.3128,103.6386,103.4235,43.56,13.74,182,186,6925,81.3
2025-10-06_22:34:25,raspberrypi,raspberry-pi,Debian GNU/Linux 13 (trixie),nano-125m-f16,1,2,512,32,512,32,9.2269,2.6416,13.0480,12.9954,55.49,12.11,181,186,6629,78.4
2025-10-06_22:34:39,raspberrypi,raspberry-pi,Debian GNU/Linux 13 (trixie),nano-125m-f16,2,2,512,32,512,32,9.1380,2.6211,11.8911,11.8385,56.03,12.21,184,186,6635,77.9
2025-10-06_22:34:53,raspberrypi,raspberry-pi,Debian GNU/Linux 13 (trixie),nano-125m-f16,3,2,512,32,512,32,9.1391,2.6453,11.9160,11.8630,56.02,12.10,183,186,6637,77.4
2025-10-06_22:35:10,raspberrypi,raspberry-pi,Debian GNU/Linux 13 (trixie),nano-125m-f16,1,2,512,64,512,64,9.1678,5.3582,14.6573,14.6044,55.85,11.94,183,186,6637,75.9
2025-10-06_22:35:26,raspberrypi,raspberry-pi,Debian GNU/Linux 13 (trixie),nano-125m-f16,2,2,512,64,512,64,9.1340,5.3657,14.6304,14.5774,56.05,11.93,184,186,6638,75.0
2025-10-06_22:35:43,raspberrypi,raspberry-pi,Debian GNU/Linux 13 (trixie),nano-125m-f16,3,2,512,64,512,64,9.1790,5.3452,14.6531,14.6003,55.78,11.97,184,186,6645,75.0
2025-10-06_22:36:05,raspberrypi,raspberry-pi,Debian GNU/Linux 13 (trixie),nano-125m-f16,1,2,512,128,512,128,9.1547,10.8008,20.0886,20.0346,55.93,11.85,184,186,6644,75.9
2025-10-06_22:36:28,raspberrypi,raspberry-pi,Debian GNU/Linux 13 (trixie),nano-125m-f16,2,2,512,128,512,128,9.1307,10.7861,20.0477,19.9934,56.07,11.87,184,186,6645,75.0
2025-10-06_22:36:50,raspberrypi,raspberry-pi,Debian GNU/Linux 13 (trixie),nano-125m-f16,3,2,512,128,512,128,9.1691,10.7816,20.0843,20.0300,55.84,11.87,184,186,6643,74.5
2025-10-06_22:37:17,raspberrypi,raspberry-pi,Debian GNU/Linux 13 (trixie),nano-125m-f16,1,2,1024,32,1024,32,20.4173,2.8116,24.5220,24.4489,50.15,11.38,184,186,6634,75.0
2025-10-06_22:37:42,raspberrypi,raspberry-pi,Debian GNU/Linux 13 (trixie),nano-125m-f16,2,2,1024,32,1024,32,20.3622,2.8378,23.3557,23.2797,50.29,11.28,185,186,6632,75.0
2025-10-06_22:38:08,raspberrypi,raspberry-pi,Debian GNU/Linux 13 (trixie),nano-125m-f16,3,2,1024,32,1024,32,20.4571,2.8102,23.4181,23.3433,50.06,11.39,186,186,6630,75.4
2025-10-06_22:38:36,raspberrypi,raspberry-pi,Debian GNU/Linux 13 (trixie),nano-125m-f16,1,2,1024,64,1024,64,20.3819,5.7406,26.2761,26.2007,50.24,11.15,185,186,6629,75.0
2025-10-06_22:39:05,raspberrypi,raspberry-pi,Debian GNU/Linux 13 (trixie),nano-125m-f16,2,2,1024,64,1024,64,20.3675,5.7381,26.2534,26.1802,50.28,11.15,182,186,6630,74.5
2025-10-06_22:39:33,raspberrypi,raspberry-pi,Debian GNU/Linux 13 (trixie),nano-125m-f16,3,2,1024,64,1024,64,20.4022,5.7667,26.3202,26.2467,50.19,11.10,185,186,6898,74.0
2025-10-06_22:40:07,raspberrypi,raspberry-pi,Debian GNU/Linux 13 (trixie),nano-125m-f16,1,2,1024,128,1024,128,20.3965,11.5030,32.0504,31.9743,50.20,11.13,185,186,6899,73.5
2025-10-06_22:40:42,raspberrypi,raspberry-pi,Debian GNU/Linux 13 (trixie),nano-125m-f16,2,2,1024,128,1024,128,20.3975,11.5515,32.0999,32.0261,50.20,11.08,182,186,6900,73.5
2025-10-06_22:41:16,raspberrypi,raspberry-pi,Debian GNU/Linux 13 (trixie),nano-125m-f16,3,2,1024,128,1024,128,20.3760,11.5884,32.1167,32.0406,50.26,11.05,185,186,6896,74.0
2025-10-06_22:42:12,raspberrypi,raspberry-pi,Debian GNU/Linux 13 (trixie),nano-125m-f16,1,2,2048,32,2048,32,48.8590,3.1829,53.3934,53.2751,41.92,10.05,181,186,6872,73.5
2025-10-06_22:43:06,raspberrypi,raspberry-pi,Debian GNU/Linux 13 (trixie),nano-125m-f16,2,2,2048,32,2048,32,48.8761,3.1845,52.2625,52.1427,41.90,10.05,181,186,6870,74.5
2025-10-06_22:44:01,raspberrypi,raspberry-pi,Debian GNU/Linux 13 (trixie),nano-125m-f16,3,2,2048,32,2048,32,48.9502,3.2154,52.3652,52.2497,41.84,9.95,182,186,6860,74.5
2025-10-06_22:44:58,raspberrypi,raspberry-pi,Debian GNU/Linux 13 (trixie),nano-125m-f16,1,2,2048,64,2048,64,48.8384,6.4723,55.5139,55.3903,41.93,9.89,184,186,6864,73.5
2025-10-06_22:45:56,raspberrypi,raspberry-pi,Debian GNU/Linux 13 (trixie),nano-125m-f16,2,2,2048,64,2048,64,48.9064,6.5075,55.6143,55.4995,41.88,9.83,182,186,6860,73.5
2025-10-06_22:46:54,raspberrypi,raspberry-pi,Debian GNU/Linux 13 (trixie),nano-125m-f16,3,2,2048,64,2048,64,48.8872,6.4351,55.5197,55.4030,41.89,9.95,182,186,6860,74.0
2025-10-06_22:47:58,raspberrypi,raspberry-pi,Debian GNU/Linux 13 (trixie),nano-125m-f16,1,2,2048,128,2048,128,48.8426,12.9960,62.0369,61.9215,41.93,9.85,184,186,6861,73.5
2025-10-06_22:49:03,raspberrypi,raspberry-pi,Debian GNU/Linux 13 (trixie),nano-125m-f16,2,2,2048,128,2048,128,48.8971,13.0718,62.1647,62.0482,41.88,9.79,184,186,6859,73.5
2025-10-06_22:50:07,raspberrypi,raspberry-pi,Debian GNU/Linux 13 (trixie),nano-125m-f16,3,2,2048,128,2048,128,48.8482,12.9282,61.9699,61.8553,41.93,9.90,185,186,6856,73.5
2025-10-06_22:52:27,raspberrypi,raspberry-pi,Debian GNU/Linux 13 (trixie),nano-125m-f16,1,2,4096,32,4096,32,132.8950,3.9821,138.3334,138.1282,30.82,8.04,182,186,6808,73.0
2025-10-06_22:54:47,raspberrypi,raspberry-pi,Debian GNU/Linux 13 (trixie),nano-125m-f16,2,2,4096,32,4096,32,132.7993,3.9788,137.0600,136.8627,30.84,8.04,182,186,6798,73.5
2025-10-06_22:57:06,raspberrypi,raspberry-pi,Debian GNU/Linux 13 (trixie),nano-125m-f16,3,2,4096,32,4096,32,132.7442,3.9828,137.0094,136.8116,30.86,8.03,182,186,6789,73.0
2025-10-06_22:59:29,raspberrypi,raspberry-pi,Debian GNU/Linux 13 (trixie),nano-125m-f16,1,2,4096,64,4096,64,132.6049,7.9260,140.8108,140.6145,30.89,8.07,181,186,6791,73.0
2025-10-06_23:01:52,raspberrypi,raspberry-pi,Debian GNU/Linux 13 (trixie),nano-125m-f16,2,2,4096,64,4096,64,132.5229,7.9311,140.7334,140.5370,30.91,8.07,183,186,6787,73.0
2025-10-06_23:04:15,raspberrypi,raspberry-pi,Debian GNU/Linux 13 (trixie),nano-125m-f16,3,2,4096,64,4096,64,132.5970,7.9686,140.8507,140.6492,30.89,8.03,182,186,6786,74.0
2025-10-06_23:06:46,raspberrypi,raspberry-pi,Debian GNU/Linux 13 (trixie),nano-125m-f16,1,2,4096,128,4096,128,131.9808,15.9497,148.2167,148.0172,31.03,8.03,182,186,6789,73.5
2025-10-06_23:09:17,raspberrypi,raspberry-pi,Debian GNU/Linux 13 (trixie),nano-125m-f16,2,2,4096,128,4096,128,132.1369,16.0178,148.4381,148.2376,31.00,7.99,182,186,6787,72.5
2025-10-06_23:11:47,raspberrypi,raspberry-pi,Debian GNU/Linux 13 (trixie),nano-125m-f16,3,2,4096,128,4096,128,132.1082,16.0450,148.4378,148.2369,31.00,7.98,182,186,6785,73.0
2025-10-06_23:11:59,raspberrypi,raspberry-pi,Debian GNU/Linux 13 (trixie),nano-125m-f16,1,4,512,32,512,32,5.3068,3.1506,9.7632,9.7098,96.48,10.16,181,186,6924,76.4
2025-10-06_23:12:10,raspberrypi,raspberry-pi,Debian GNU/Linux 13 (trixie),nano-125m-f16,2,4,512,32,512,32,5.2488,2.8352,8.2184,8.1641,97.55,11.29,184,186,6919,77.9
2025-10-06_23:12:20,raspberrypi,raspberry-pi,Debian GNU/Linux 13 (trixie),nano-125m-f16,3,4,512,32,512,32,5.2513,2.8844,8.2636,8.2096,97.50,11.09,182,186,6919,78.4
2025-10-06_23:12:33,raspberrypi,raspberry-pi,Debian GNU/Linux 13 (trixie),nano-125m-f16,1,4,512,64,512,64,5.2667,5.6832,11.0791,11.0257,97.21,11.26,185,186,6913,77.9
2025-10-06_23:12:47,raspberrypi,raspberry-pi,Debian GNU/Linux 13 (trixie),nano-125m-f16,2,4,512,64,512,64,5.2722,5.8302,11.2317,11.1777,97.11,10.98,182,186,6916,78.4
2025-10-06_23:13:00,raspberrypi,raspberry-pi,Debian GNU/Linux 13 (trixie),nano-125m-f16,3,4,512,64,512,64,5.2526,5.6442,11.0276,10.9735,97.48,11.34,185,186,6913,78.4
2025-10-06_23:13:19,raspberrypi,raspberry-pi,Debian GNU/Linux 13 (trixie),nano-125m-f16,1,4,512,128,512,128,5.2861,11.6137,17.0304,16.9757,96.86,11.02,182,186,6915,78.8
2025-10-06_23:13:38,raspberrypi,raspberry-pi,Debian GNU/Linux 13 (trixie),nano-125m-f16,2,4,512,128,512,128,5.3079,11.3872,16.8269,16.7733,96.46,11.24,185,186,6914,79.8
2025-10-06_23:13:57,raspberrypi,raspberry-pi,Debian GNU/Linux 13 (trixie),nano-125m-f16,3,4,512,128,512,128,5.3152,11.6049,17.0480,16.9937,96.33,11.03,185,186,6913,78.8
2025-10-06_23:14:17,raspberrypi,raspberry-pi,Debian GNU/Linux 13 (trixie),nano-125m-f16,1,4,1024,32,1024,32,12.4180,3.2282,16.9512,16.8755,82.46,9.91,181,186,6910,80.8
2025-10-06_23:14:35,raspberrypi,raspberry-pi,Debian GNU/Linux 13 (trixie),nano-125m-f16,2,4,1024,32,1024,32,12.4965,3.2209,15.8701,15.7963,81.94,9.94,184,186,6902,79.8
2025-10-06_23:14:53,raspberrypi,raspberry-pi,Debian GNU/Linux 13 (trixie),nano-125m-f16,3,4,1024,32,1024,32,12.5989,3.3883,16.1396,16.0649,81.28,9.44,183,186,6901,80.8
2025-10-06_23:15:14,raspberrypi,raspberry-pi,Debian GNU/Linux 13 (trixie),nano-125m-f16,1,4,1024,64,1024,64,12.6424,6.4187,19.2133,19.1395,81.00,9.97,182,186,6903,80.8
2025-10-06_23:15:36,raspberrypi,raspberry-pi,Debian GNU/Linux 13 (trixie),nano-125m-f16,2,4,1024,64,1024,64,12.6330,6.6352,19.4216,19.3475,81.06,9.65,184,186,6901,80.3
2025-10-06_23:15:57,raspberrypi,raspberry-pi,Debian GNU/Linux 13 (trixie),nano-125m-f16,3,4,1024,64,1024,64,12.6397,6.4372,19.2296,19.1556,81.01,9.94,182,186,6901,80.3
2025-10-06_23:16:25,raspberrypi,raspberry-pi,Debian GNU/Linux 13 (trixie),nano-125m-f16,1,4,1024,128,1024,128,12.6378,12.5287,25.3240,25.2467,81.03,10.22,182,186,6900,79.8
2025-10-06_23:16:53,raspberrypi,raspberry-pi,Debian GNU/Linux 13 (trixie),nano-125m-f16,2,4,1024,128,1024,128,12.6985,12.7079,25.5644,25.4842,80.64,10.07,182,186,6901,80.8
2025-10-06_23:17:20,raspberrypi,raspberry-pi,Debian GNU/Linux 13 (trixie),nano-125m-f16,3,4,1024,128,1024,128,12.6964,12.3175,25.1699,25.0929,80.65,10.39,183,186,6896,80.8
2025-10-06_23:17:58,raspberrypi,raspberry-pi,Debian GNU/Linux 13 (trixie),nano-125m-f16,1,4,2048,32,2048,32,30.7163,3.4812,35.5520,35.4378,66.67,9.19,181,186,6873,80.8
2025-10-06_23:18:35,raspberrypi,raspberry-pi,Debian GNU/Linux 13 (trixie),nano-125m-f16,2,4,2048,32,2048,32,31.0390,3.5385,34.7759,34.6579,65.98,9.04,182,186,6864,80.3
2025-10-06_23:19:12,raspberrypi,raspberry-pi,Debian GNU/Linux 13 (trixie),nano-125m-f16,3,4,2048,32,2048,32,31.1896,3.5074,34.8957,34.7759,65.66,9.12,183,186,6865,80.8
2025-10-06_23:19:53,raspberrypi,raspberry-pi,Debian GNU/Linux 13 (trixie),nano-125m-f16,1,4,2048,64,2048,64,31.2727,7.1851,38.6524,38.5363,65.49,8.91,185,186,6859,80.8
2025-10-06_23:20:34,raspberrypi,raspberry-pi,Debian GNU/Linux 13 (trixie),nano-125m-f16,2,4,2048,64,2048,64,31.5276,7.3735,39.0964,38.9811,64.96,8.68,182,186,6858,80.8
2025-10-06_23:21:15,raspberrypi,raspberry-pi,Debian GNU/Linux 13 (trixie),nano-125m-f16,3,4,2048,64,2048,64,31.4933,6.9815,38.6780,38.5573,65.03,9.17,185,186,6856,80.3
2025-10-06_23:22:03,raspberrypi,raspberry-pi,Debian GNU/Linux 13 (trixie),nano-125m-f16,1,4,2048,128,2048,128,31.3816,13.9136,45.4980,45.3760,65.26,9.20,185,186,6861,81.3
2025-10-06_23:22:50,raspberrypi,raspberry-pi,Debian GNU/Linux 13 (trixie),nano-125m-f16,2,4,2048,128,2048,128,31.3639,13.9081,45.4776,45.3537,65.30,9.20,185,186,6858,80.8
2025-10-06_23:23:38,raspberrypi,raspberry-pi,Debian GNU/Linux 13 (trixie),nano-125m-f16,3,4,2048,128,2048,128,31.4014,14.0630,45.6652,45.5433,65.22,9.10,186,186,6850,79.3
2025-10-06_23:25:11,raspberrypi,raspberry-pi,Debian GNU/Linux 13 (trixie),nano-125m-f16,1,4,4096,32,4096,32,85.2933,4.1149,90.8612,90.6529,48.02,7.78,185,186,6801,80.3
2025-10-06_23:26:43,raspberrypi,raspberry-pi,Debian GNU/Linux 13 (trixie),nano-125m-f16,2,4,4096,32,4096,32,84.9446,4.1382,89.3842,89.1742,48.22,7.73,185,186,6790,80.3
2025-10-06_23:28:15,raspberrypi,raspberry-pi,Debian GNU/Linux 13 (trixie),nano-125m-f16,3,4,4096,32,4096,32,85.4937,4.1374,89.9325,89.7211,47.91,7.73,186,186,6787,80.8
2025-10-06_23:29:52,raspberrypi,raspberry-pi,Debian GNU/Linux 13 (trixie),nano-125m-f16,1,4,4096,64,4096,64,85.2952,8.2650,93.8560,93.6461,48.02,7.74,182,186,6794,80.8
2025-10-06_23:31:28,raspberrypi,raspberry-pi,Debian GNU/Linux 13 (trixie),nano-125m-f16,2,4,4096,64,4096,64,85.7304,8.2036,94.2267,94.0185,47.78,7.80,185,186,6787,80.3
2025-10-06_23:33:04,raspberrypi,raspberry-pi,Debian GNU/Linux 13 (trixie),nano-125m-f16,3,4,4096,64,4096,64,85.4686,8.2619,94.0262,93.8203,47.92,7.75,183,186,6788,80.3
2025-10-06_23:34:49,raspberrypi,raspberry-pi,Debian GNU/Linux 13 (trixie),nano-125m-f16,1,4,4096,128,4096,128,86.0713,16.3793,102.7493,102.5369,47.59,7.81,183,186,6786,80.8
2025-10-06_23:36:34,raspberrypi,raspberry-pi,Debian GNU/Linux 13 (trixie),nano-125m-f16,2,4,4096,128,4096,128,85.4813,16.3270,102.1031,101.8935,47.92,7.84,185,186,6781,80.8
2025-10-06_23:38:19,raspberrypi,raspberry-pi,Debian GNU/Linux 13 (trixie),nano-125m-f16,3,4,4096,128,4096,128,85.5009,16.5545,102.3471,102.1407,47.91,7.73,183,186,6776,80.3
2025-10-06_23:38:52,raspberrypi,raspberry-pi,Debian GNU/Linux 13 (trixie),nano-260m-q5,1,2,512,32,512,32,27.0177,2.7723,30.9743,30.9199,18.95,11.54,185,186,6517,78.8
2025-10-06_23:39:23,raspberrypi,raspberry-pi,Debian GNU/Linux 13 (trixie),nano-260m-q5,2,2,512,32,512,32,26.7315,2.7905,29.6506,29.5976,19.15,11.47,182,186,6522,77.4
2025-10-06_23:39:55,raspberrypi,raspberry-pi,Debian GNU/Linux 13 (trixie),nano-260m-q5,3,2,512,32,512,32,26.7344,2.7742,29.6403,29.5845,19.15,11.53,182,186,6517,78.4
2025-10-06_23:40:30,raspberrypi,raspberry-pi,Debian GNU/Linux 13 (trixie),nano-260m-q5,1,2,512,64,512,64,26.6689,5.5317,32.3290,32.2760,19.20,11.57,182,186,6519,77.4
2025-10-06_23:41:04,raspberrypi,raspberry-pi,Debian GNU/Linux 13 (trixie),nano-260m-q5,2,2,512,64,512,64,26.6639,5.5548,32.3490,32.2959,19.20,11.52,182,186,6517,77.9
2025-10-06_23:41:39,raspberrypi,raspberry-pi,Debian GNU/Linux 13 (trixie),nano-260m-q5,3,2,512,64,512,64,26.6597,5.5361,32.3279,32.2725,19.21,11.56,182,186,6519,76.4
2025-10-06_23:42:19,raspberrypi,raspberry-pi,Debian GNU/Linux 13 (trixie),nano-260m-q5,1,2,512,128,512,128,26.6737,11.1394,37.9468,37.8896,19.19,11.49,182,186,6520,75.9
2025-10-06_23:42:59,raspberrypi,raspberry-pi,Debian GNU/Linux 13 (trixie),nano-260m-q5,2,2,512,128,512,128,26.6588,11.1430,37.9369,37.8820,19.21,11.49,182,186,6518,76.9
2025-10-06_23:43:39,raspberrypi,raspberry-pi,Debian GNU/Linux 13 (trixie),nano-260m-q5,3,2,512,128,512,128,26.6635,11.0931,37.8879,37.8336,19.20,11.54,182,186,6943,76.4
2025-10-06_23:44:44,raspberrypi,raspberry-pi,Debian GNU/Linux 13 (trixie),nano-260m-q5,1,2,1024,32,1024,32,57.9710,3.0943,62.3483,62.2745,17.66,10.34,181,186,6933,76.4
2025-10-06_23:45:47,raspberrypi,raspberry-pi,Debian GNU/Linux 13 (trixie),nano-260m-q5,2,2,1024,32,1024,32,57.9838,3.0779,61.2148,61.1386,17.66,10.40,181,186,6926,75.4
2025-10-06_23:46:50,raspberrypi,raspberry-pi,Debian GNU/Linux 13 (trixie),nano-260m-q5,3,2,1024,32,1024,32,57.8831,3.0988,61.1370,61.0632,17.69,10.33,182,186,6927,76.4
2025-10-06_23:47:57,raspberrypi,raspberry-pi,Debian GNU/Linux 13 (trixie),nano-260m-q5,1,2,1024,64,1024,64,57.8879,6.2177,64.2577,64.1832,17.69,10.29,182,186,6920,76.4
2025-10-06_23:49:03,raspberrypi,raspberry-pi,Debian GNU/Linux 13 (trixie),nano-260m-q5,2,2,1024,64,1024,64,57.8871,6.2480,64.2874,64.2142,17.69,10.24,182,186,6919,76.4
2025-10-06_23:50:09,raspberrypi,raspberry-pi,Debian GNU/Linux 13 (trixie),nano-260m-q5,3,2,1024,64,1024,64,57.5792,6.2806,64.0119,63.9378,17.78,10.19,182,186,6923,75.9
2025-10-06_23:51:22,raspberrypi,raspberry-pi,Debian GNU/Linux 13 (trixie),nano-260m-q5,1,2,1024,128,1024,128,57.6107,12.5077,70.2736,70.1965,17.77,10.23,182,186,6921,75.9
2025-10-06_23:52:34,raspberrypi,raspberry-pi,Debian GNU/Linux 13 (trixie),nano-260m-q5,2,2,1024,128,1024,128,57.6624,12.5460,70.3643,70.2886,17.76,10.20,185,186,6919,75.0
2025-10-06_23:53:47,raspberrypi,raspberry-pi,Debian GNU/Linux 13 (trixie),nano-260m-q5,3,2,1024,128,1024,128,57.6029,12.5335,70.2855,70.2116,17.78,10.21,182,186,6921,75.9
2025-10-06_23:56:08,raspberrypi,raspberry-pi,Debian GNU/Linux 13 (trixie),nano-260m-q5,1,2,2048,32,2048,32,133.1613,3.9045,138.4174,138.3019,15.38,8.20,181,186,6887,75.0
2025-10-06_23:58:27,raspberrypi,raspberry-pi,Debian GNU/Linux 13 (trixie),nano-260m-q5,2,2,2048,32,2048,32,133.2825,3.8821,137.3614,137.2460,15.37,8.24,181,186,6881,75.0
2025-10-07_00:00:46,raspberrypi,raspberry-pi,Debian GNU/Linux 13 (trixie),nano-260m-q5,3,2,2048,32,2048,32,133.0494,3.8794,137.1274,137.0102,15.39,8.25,181,186,6879,75.4
2025-10-07_00:03:09,raspberrypi,raspberry-pi,Debian GNU/Linux 13 (trixie),nano-260m-q5,1,2,2048,64,2048,64,132.8295,7.7753,140.8040,140.6870,15.42,8.23,181,186,6881,75.9
2025-10-07_00:05:33,raspberrypi,raspberry-pi,Debian GNU/Linux 13 (trixie),nano-260m-q5,2,2,2048,64,2048,64,132.9466,7.8337,140.9816,140.8644,15.40,8.17,180,186,6881,75.0
2025-10-07_00:07:56,raspberrypi,raspberry-pi,Debian GNU/Linux 13 (trixie),nano-260m-q5,3,2,2048,64,2048,64,133.0031,7.8132,141.0132,140.8975,15.40,8.19,182,186,6878,74.0
2025-10-07_00:10:27,raspberrypi,raspberry-pi,Debian GNU/Linux 13 (trixie),nano-260m-q5,1,2,2048,128,2048,128,133.0035,15.6486,148.8505,148.7332,15.40,8.18,181,186,6877,75.4
2025-10-07_00:12:58,raspberrypi,raspberry-pi,Debian GNU/Linux 13 (trixie),nano-260m-q5,2,2,2048,128,2048,128,133.1442,15.6608,149.0061,148.8908,15.38,8.17,181,186,6879,75.0
2025-10-07_00:15:29,raspberrypi,raspberry-pi,Debian GNU/Linux 13 (trixie),nano-260m-q5,3,2,2048,128,2048,128,132.9265,15.6943,148.8242,148.7065,15.41,8.16,180,186,6879,75.0
2025-10-07_00:21:19,raspberrypi,raspberry-pi,Debian GNU/Linux 13 (trixie),nano-260m-q5,1,2,4096,32,4096,32,340.8963,5.5004,347.8518,347.6455,12.02,5.82,181,186,6798,74.0
2025-10-07_00:27:09,raspberrypi,raspberry-pi,Debian GNU/Linux 13 (trixie),nano-260m-q5,2,2,4096,32,4096,32,340.9123,5.5016,346.7051,346.5006,12.01,5.82,181,186,6790,75.0
2025-10-07_00:32:57,raspberrypi,raspberry-pi,Debian GNU/Linux 13 (trixie),nano-260m-q5,3,2,4096,32,4096,32,340.8433,5.5009,346.6428,346.4334,12.02,5.82,181,186,6794,73.5
2025-10-07_00:38:52,raspberrypi,raspberry-pi,Debian GNU/Linux 13 (trixie),nano-260m-q5,1,2,4096,64,4096,64,340.9701,11.0347,352.2949,352.0911,12.01,5.80,181,186,6792,73.5
2025-10-07_00:44:46,raspberrypi,raspberry-pi,Debian GNU/Linux 13 (trixie),nano-260m-q5,2,2,4096,64,4096,64,340.7910,11.0283,352.1062,351.9046,12.02,5.80,181,186,6785,74.0
2025-10-07_00:50:41,raspberrypi,raspberry-pi,Debian GNU/Linux 13 (trixie),nano-260m-q5,3,2,4096,64,4096,64,340.6250,11.0327,351.9444,351.7444,12.02,5.80,181,186,6784,74.5
2025-10-07_00:56:46,raspberrypi,raspberry-pi,Debian GNU/Linux 13 (trixie),nano-260m-q5,1,2,4096,128,4096,128,340.8749,22.0813,363.2445,363.0447,12.02,5.80,181,186,6783,74.0
2025-10-07_01:02:52,raspberrypi,raspberry-pi,Debian GNU/Linux 13 (trixie),nano-260m-q5,2,2,4096,128,4096,128,340.6221,22.0874,362.9975,362.7970,12.03,5.80,181,186,6785,74.5
2025-10-07_01:08:57,raspberrypi,raspberry-pi,Debian GNU/Linux 13 (trixie),nano-260m-q5,3,2,4096,128,4096,128,340.6212,22.0715,363.0044,362.8062,12.03,5.80,181,186,6780,74.5
2025-10-07_01:09:18,raspberrypi,raspberry-pi,Debian GNU/Linux 13 (trixie),nano-260m-q5,1,4,512,32,512,32,14.6627,2.8720,18.8447,18.7924,34.92,11.14,181,186,6937,80.8
2025-10-07_01:09:38,raspberrypi,raspberry-pi,Debian GNU/Linux 13 (trixie),nano-260m-q5,2,4,512,32,512,32,15.1952,2.9310,18.2603,18.2056,33.69,10.92,184,186,6947,79.8
2025-10-07_01:09:59,raspberrypi,raspberry-pi,Debian GNU/Linux 13 (trixie),nano-260m-q5,3,4,512,32,512,32,15.4562,3.0671,18.6545,18.5999,33.13,10.43,183,186,6945,80.8
2025-10-07_01:10:23,raspberrypi,raspberry-pi,Debian GNU/Linux 13 (trixie),nano-260m-q5,1,4,512,64,512,64,15.5799,6.1648,21.8734,21.8198,32.86,10.38,182,186,6945,80.3
2025-10-07_01:10:48,raspberrypi,raspberry-pi,Debian GNU/Linux 13 (trixie),nano-260m-q5,2,4,512,64,512,64,16.0891,5.9972,22.2165,22.1635,31.82,10.67,183,186,6943,80.8
2025-10-07_01:11:12,raspberrypi,raspberry-pi,Debian GNU/Linux 13 (trixie),nano-260m-q5,3,4,512,64,512,64,16.2057,6.0735,22.4105,22.3552,31.59,10.54,182,186,6942,81.8
2025-10-07_01:11:43,raspberrypi,raspberry-pi,Debian GNU/Linux 13 (trixie),nano-260m-q5,1,4,512,128,512,128,16.3790,12.2313,28.7399,28.6859,31.26,10.46,182,186,6939,80.3
2025-10-07_01:12:14,raspberrypi,raspberry-pi,Debian GNU/Linux 13 (trixie),nano-260m-q5,2,4,512,128,512,128,16.2230,11.9332,28.2903,28.2341,31.56,10.73,185,186,6937,80.8
2025-10-07_01:12:44,raspberrypi,raspberry-pi,Debian GNU/Linux 13 (trixie),nano-260m-q5,3,4,512,128,512,128,16.3316,12.1415,28.6058,28.5490,31.35,10.54,185,186,6937,80.8
2025-10-07_01:13:28,raspberrypi,raspberry-pi,Debian GNU/Linux 13 (trixie),nano-260m-q5,1,4,1024,32,1024,32,36.7288,3.3162,41.3506,41.2740,27.88,9.65,181,186,6932,81.3
2025-10-07_01:14:11,raspberrypi,raspberry-pi,Debian GNU/Linux 13 (trixie),nano-260m-q5,2,4,1024,32,1024,32,37.1570,3.3427,40.6524,40.5776,27.56,9.57,182,186,6929,81.8
2025-10-07_01:14:54,raspberrypi,raspberry-pi,Debian GNU/Linux 13 (trixie),nano-260m-q5,3,4,1024,32,1024,32,37.4354,3.4052,40.9975,40.9197,27.35,9.40,183,186,6920,80.8
2025-10-07_01:15:41,raspberrypi,raspberry-pi,Debian GNU/Linux 13 (trixie),nano-260m-q5,1,4,1024,64,1024,64,37.6716,6.7196,44.5473,44.4686,27.18,9.52,182,186,6922,82.3
2025-10-07_01:16:27,raspberrypi,raspberry-pi,Debian GNU/Linux 13 (trixie),nano-260m-q5,2,4,1024,64,1024,64,37.2746,6.9521,44.3804,44.3037,27.47,9.21,182,186,6924,81.8
2025-10-07_01:17:14,raspberrypi,raspberry-pi,Debian GNU/Linux 13 (trixie),nano-260m-q5,3,4,1024,64,1024,64,37.4424,6.9170,44.5141,44.4371,27.35,9.25,182,186,6923,81.8
2025-10-07_01:18:07,raspberrypi,raspberry-pi,Debian GNU/Linux 13 (trixie),nano-260m-q5,1,4,1024,128,1024,128,37.5358,13.3736,51.0631,50.9862,27.28,9.57,182,186,6922,80.3
2025-10-07_01:19:01,raspberrypi,raspberry-pi,Debian GNU/Linux 13 (trixie),nano-260m-q5,2,4,1024,128,1024,128,37.6670,13.3718,51.1921,51.1165,27.19,9.57,182,186,6912,80.8
2025-10-07_01:19:55,raspberrypi,raspberry-pi,Debian GNU/Linux 13 (trixie),nano-260m-q5,3,4,1024,128,1024,128,37.5663,14.3810,52.1009,52.0247,27.26,8.90,182,186,6910,81.3
2025-10-07_01:21:30,raspberrypi,raspberry-pi,Debian GNU/Linux 13 (trixie),nano-260m-q5,1,4,2048,32,2048,32,87.4363,3.9443,92.7371,92.6149,23.42,8.11,182,186,6882,81.8
2025-10-07_01:23:05,raspberrypi,raspberry-pi,Debian GNU/Linux 13 (trixie),nano-260m-q5,2,4,2048,32,2048,32,88.3982,4.0881,92.6856,92.5674,23.17,7.83,181,186,6879,81.8
2025-10-07_01:24:39,raspberrypi,raspberry-pi,Debian GNU/Linux 13 (trixie),nano-260m-q5,3,4,2048,32,2048,32,87.6932,3.9381,91.8310,91.7106,23.35,8.13,183,186,6867,80.8
2025-10-07_01:26:17,raspberrypi,raspberry-pi,Debian GNU/Linux 13 (trixie),nano-260m-q5,1,4,2048,64,2048,64,88.3817,7.8265,96.4105,96.2867,23.17,8.18,185,186,6868,81.8
2025-10-07_01:27:56,raspberrypi,raspberry-pi,Debian GNU/Linux 13 (trixie),nano-260m-q5,2,4,2048,64,2048,64,87.8485,8.0734,96.1238,95.9998,23.31,7.93,182,186,6874,81.3
2025-10-07_01:29:35,raspberrypi,raspberry-pi,Debian GNU/Linux 13 (trixie),nano-260m-q5,3,4,2048,64,2048,64,88.6146,7.8203,96.6354,96.5146,23.11,8.18,182,186,6870,80.8
2025-10-07_01:31:21,raspberrypi,raspberry-pi,Debian GNU/Linux 13 (trixie),nano-260m-q5,1,4,2048,128,2048,128,88.3399,15.6229,104.1596,104.0416,23.18,8.19,182,186,6870,80.8
2025-10-07_01:33:08,raspberrypi,raspberry-pi,Debian GNU/Linux 13 (trixie),nano-260m-q5,2,4,2048,128,2048,128,88.6055,15.7465,104.5505,104.4310,23.11,8.13,182,186,6862,80.8
2025-10-07_01:34:55,raspberrypi,raspberry-pi,Debian GNU/Linux 13 (trixie),nano-260m-q5,3,4,2048,128,2048,128,88.2047,16.4798,104.8873,104.7632,23.22,7.77,182,186,6872,81.3
2025-10-07_01:38:47,raspberrypi,raspberry-pi,Debian GNU/Linux 13 (trixie),nano-260m-q5,1,4,4096,32,4096,32,223.3576,5.0325,229.8484,229.6464,18.34,6.36,181,186,6796,81.3
2025-10-07_01:42:40,raspberrypi,raspberry-pi,Debian GNU/Linux 13 (trixie),nano-260m-q5,2,4,4096,32,4096,32,225.3204,5.1085,230.7345,230.5194,18.18,6.26,182,186,6797,81.8
2025-10-07_01:46:33,raspberrypi,raspberry-pi,Debian GNU/Linux 13 (trixie),nano-260m-q5,3,4,4096,32,4096,32,224.8209,5.1459,230.2630,230.0548,18.22,6.22,181,186,6793,80.3
2025-10-07_01:50:31,raspberrypi,raspberry-pi,Debian GNU/Linux 13 (trixie),nano-260m-q5,1,4,4096,64,4096,64,225.7978,10.2455,236.3525,236.1316,18.14,6.25,182,186,6788,82.3
2025-10-07_01:54:30,raspberrypi,raspberry-pi,Debian GNU/Linux 13 (trixie),nano-260m-q5,2,4,4096,64,4096,64,226.1335,10.2119,236.6460,236.4315,18.11,6.27,181,186,6788,81.3
2025-10-07_01:58:28,raspberrypi,raspberry-pi,Debian GNU/Linux 13 (trixie),nano-260m-q5,3,4,4096,64,4096,64,224.6968,10.1800,235.1828,234.9621,18.23,6.29,181,186,6789,80.8
2025-10-07_02:02:37,raspberrypi,raspberry-pi,Debian GNU/Linux 13 (trixie),nano-260m-q5,1,4,4096,128,4096,128,225.7565,20.3930,246.4450,246.2332,18.14,6.28,182,186,6779,81.3
2025-10-07_02:06:46,raspberrypi,raspberry-pi,Debian GNU/Linux 13 (trixie),nano-260m-q5,2,4,4096,128,4096,128,226.0831,20.3528,246.7245,246.5178,18.12,6.29,182,186,6780,80.3
2025-10-07_02:10:54,raspberrypi,raspberry-pi,Debian GNU/Linux 13 (trixie),nano-260m-q5,3,4,4096,128,4096,128,225.5391,20.4154,246.2514,246.0461,18.16,6.27,185,186,6777,80.3
2025-10-07_02:11:25,raspberrypi,raspberry-pi,Debian GNU/Linux 13 (trixie),nano-260m-f16,1,2,512,32,512,32,21.9583,5.4750,28.8720,28.8155,23.32,5.84,182,186,6232,77.4
2025-10-07_02:11:55,raspberrypi,raspberry-pi,Debian GNU/Linux 13 (trixie),nano-260m-f16,2,2,512,32,512,32,21.7299,5.4826,27.3408,27.2882,23.56,5.84,183,186,6228,77.4
2025-10-07_02:12:24,raspberrypi,raspberry-pi,Debian GNU/Linux 13 (trixie),nano-260m-f16,3,2,512,32,512,32,21.7533,5.4467,27.3278,27.2746,23.54,5.88,185,186,6226,76.4
2025-10-07_02:12:59,raspberrypi,raspberry-pi,Debian GNU/Linux 13 (trixie),nano-260m-f16,1,2,512,64,512,64,21.7503,11.1162,32.9976,32.9434,23.54,5.76,185,186,6225,76.4
2025-10-07_02:13:34,raspberrypi,raspberry-pi,Debian GNU/Linux 13 (trixie),nano-260m-f16,2,2,512,64,512,64,21.7479,10.9708,32.8533,32.7990,23.54,5.83,185,186,6224,75.0
2025-10-07_02:14:09,raspberrypi,raspberry-pi,Debian GNU/Linux 13 (trixie),nano-260m-f16,3,2,512,64,512,64,21.7518,11.0656,32.9450,32.8922,23.54,5.78,182,186,6228,74.5
2025-10-07_02:14:56,raspberrypi,raspberry-pi,Debian GNU/Linux 13 (trixie),nano-260m-f16,1,2,512,128,512,128,21.7460,22.2100,44.0849,44.0308,23.54,5.76,182,186,6227,74.5
2025-10-07_02:15:42,raspberrypi,raspberry-pi,Debian GNU/Linux 13 (trixie),nano-260m-f16,2,2,512,128,512,128,21.7391,22.1886,44.0561,44.0033,23.55,5.77,182,186,6227,74.5
2025-10-07_02:16:28,raspberrypi,raspberry-pi,Debian GNU/Linux 13 (trixie),nano-260m-f16,3,2,512,128,512,128,21.7841,22.2623,44.1776,44.1241,23.50,5.75,182,186,6651,74.0
2025-10-07_02:17:27,raspberrypi,raspberry-pi,Debian GNU/Linux 13 (trixie),nano-260m-f16,1,2,1024,32,1024,32,48.7458,5.7800,56.3608,56.2870,21.01,5.54,181,186,6637,75.0
2025-10-07_02:18:24,raspberrypi,raspberry-pi,Debian GNU/Linux 13 (trixie),nano-260m-f16,2,2,1024,32,1024,32,48.6934,5.8187,54.6692,54.5939,21.03,5.50,182,186,6634,73.0
2025-10-07_02:19:21,raspberrypi,raspberry-pi,Debian GNU/Linux 13 (trixie),nano-260m-f16,3,2,1024,32,1024,32,48.6832,5.8552,54.6890,54.6150,21.03,5.47,183,186,6629,72.5
2025-10-07_02:20:23,raspberrypi,raspberry-pi,Debian GNU/Linux 13 (trixie),nano-260m-f16,1,2,1024,64,1024,64,48.6641,11.7817,60.6014,60.5273,21.04,5.43,182,186,6631,74.0
2025-10-07_02:21:26,raspberrypi,raspberry-pi,Debian GNU/Linux 13 (trixie),nano-260m-f16,2,2,1024,64,1024,64,48.7053,11.8516,60.7112,60.6350,21.02,5.40,184,186,6630,73.5
2025-10-07_02:22:29,raspberrypi,raspberry-pi,Debian GNU/Linux 13 (trixie),nano-260m-f16,3,2,1024,64,1024,64,48.6431,11.8815,60.6749,60.6016,21.05,5.39,182,186,6628,74.0
2025-10-07_02:23:44,raspberrypi,raspberry-pi,Debian GNU/Linux 13 (trixie),nano-260m-f16,1,2,1024,128,1024,128,48.7080,23.5908,72.4524,72.3758,21.02,5.43,185,186,6625,74.5
2025-10-07_02:24:58,raspberrypi,raspberry-pi,Debian GNU/Linux 13 (trixie),nano-260m-f16,2,2,1024,128,1024,128,48.6716,23.7509,72.5723,72.4984,21.04,5.39,182,186,6631,74.0
2025-10-07_02:26:13,raspberrypi,raspberry-pi,Debian GNU/Linux 13 (trixie),nano-260m-f16,3,2,1024,128,1024,128,48.6732,23.8986,72.7252,72.6510,21.04,5.36,182,186,6629,73.5
2025-10-07_02:28:18,raspberrypi,raspberry-pi,Debian GNU/Linux 13 (trixie),nano-260m-f16,1,2,2048,32,2048,32,114.2212,6.6148,122.7485,122.6332,17.93,4.84,181,186,6594,75.0
2025-10-07_02:30:22,raspberrypi,raspberry-pi,Debian GNU/Linux 13 (trixie),nano-260m-f16,2,2,2048,32,2048,32,114.6800,6.6169,121.5432,121.4052,17.86,4.84,184,186,6587,74.0
2025-10-07_02:32:26,raspberrypi,raspberry-pi,Debian GNU/Linux 13 (trixie),nano-260m-f16,3,2,2048,32,2048,32,114.4898,6.6745,121.3594,121.2450,17.89,4.79,180,186,6590,73.5
2025-10-07_02:34:36,raspberrypi,raspberry-pi,Debian GNU/Linux 13 (trixie),nano-260m-f16,1,2,2048,64,2048,64,114.3792,13.3995,127.9745,127.8601,17.91,4.78,184,186,6584,74.5
2025-10-07_02:36:46,raspberrypi,raspberry-pi,Debian GNU/Linux 13 (trixie),nano-260m-f16,2,2,2048,64,2048,64,114.3433,13.4179,127.9549,127.8389,17.91,4.77,182,186,6584,75.0
2025-10-07_02:38:56,raspberrypi,raspberry-pi,Debian GNU/Linux 13 (trixie),nano-260m-f16,3,2,2048,64,2048,64,114.3327,13.3163,127.8455,127.7293,17.91,4.81,185,186,6581,72.5
2025-10-07_02:41:20,raspberrypi,raspberry-pi,Debian GNU/Linux 13 (trixie),nano-260m-f16,1,2,2048,128,2048,128,114.1383,26.8261,141.1576,141.0428,17.94,4.77,183,186,6583,74.0
2025-10-07_02:43:43,raspberrypi,raspberry-pi,Debian GNU/Linux 13 (trixie),nano-260m-f16,2,2,2048,128,2048,128,113.8196,26.8045,140.8201,140.7041,17.99,4.78,182,186,6583,74.0
2025-10-07_02:46:06,raspberrypi,raspberry-pi,Debian GNU/Linux 13 (trixie),nano-260m-f16,3,2,2048,128,2048,128,113.8099,27.0504,141.0544,140.9389,17.99,4.73,182,186,6584,73.5
2025-10-07_02:51:21,raspberrypi,raspberry-pi,Debian GNU/Linux 13 (trixie),nano-260m-f16,1,2,4096,32,4096,32,302.9608,8.2337,313.1964,312.9953,13.52,3.89,181,186,6509,73.5
2025-10-07_02:56:35,raspberrypi,raspberry-pi,Debian GNU/Linux 13 (trixie),nano-260m-f16,2,2,4096,32,4096,32,302.6165,8.1995,311.1004,310.9026,13.54,3.90,181,186,6504,72.5
2025-10-07_03:01:48,raspberrypi,raspberry-pi,Debian GNU/Linux 13 (trixie),nano-260m-f16,3,2,4096,32,4096,32,302.8593,8.2228,311.3705,311.1676,13.52,3.89,181,186,6501,73.0
2025-10-07_03:07:11,raspberrypi,raspberry-pi,Debian GNU/Linux 13 (trixie),nano-260m-f16,1,2,4096,64,4096,64,302.7825,16.6786,319.7543,319.5535,13.53,3.84,181,186,6497,71.5
2025-10-07_03:12:33,raspberrypi,raspberry-pi,Debian GNU/Linux 13 (trixie),nano-260m-f16,2,2,4096,64,4096,64,302.9084,16.6497,319.8443,319.6447,13.52,3.84,181,186,6493,73.5
2025-10-07_03:17:55,raspberrypi,raspberry-pi,Debian GNU/Linux 13 (trixie),nano-260m-f16,3,2,4096,64,4096,64,302.9710,16.7357,319.9979,319.7953,13.52,3.82,182,186,6490,73.0
2025-10-07_03:23:33,raspberrypi,raspberry-pi,Debian GNU/Linux 13 (trixie),nano-260m-f16,1,2,4096,128,4096,128,302.2868,33.2989,335.8768,335.6765,13.55,3.84,182,186,6494,73.5
2025-10-07_03:29:12,raspberrypi,raspberry-pi,Debian GNU/Linux 13 (trixie),nano-260m-f16,2,2,4096,128,4096,128,302.8060,33.0893,336.1786,335.9805,13.53,3.87,182,186,6490,72.0
2025-10-07_03:34:50,raspberrypi,raspberry-pi,Debian GNU/Linux 13 (trixie),nano-260m-f16,3,2,4096,128,4096,128,302.8393,33.3490,336.4785,336.2738,13.53,3.84,182,187,6488,72.5
2025-10-07_03:35:13,raspberrypi,raspberry-pi,Debian GNU/Linux 13 (trixie),nano-260m-f16,1,4,512,32,512,32,12.5493,5.9401,20.3538,20.3009,40.80,5.39,184,187,6648,76.9
2025-10-07_03:35:34,raspberrypi,raspberry-pi,Debian GNU/Linux 13 (trixie),nano-260m-f16,2,4,512,32,512,32,12.8236,6.0964,19.0534,18.9982,39.93,5.25,186,187,6652,78.8
2025-10-07_03:35:56,raspberrypi,raspberry-pi,Debian GNU/Linux 13 (trixie),nano-260m-f16,3,4,512,32,512,32,13.0459,6.1849,19.3659,19.3097,39.25,5.17,183,187,6651,79.8
2025-10-07_03:36:24,raspberrypi,raspberry-pi,Debian GNU/Linux 13 (trixie),nano-260m-f16,1,4,512,64,512,64,13.2446,12.3049,25.6797,25.6269,38.66,5.20,184,187,6652,79.3
2025-10-07_03:36:52,raspberrypi,raspberry-pi,Debian GNU/Linux 13 (trixie),nano-260m-f16,2,4,512,64,512,64,13.2907,12.5684,25.9884,25.9344,38.52,5.09,184,187,6652,79.3
2025-10-07_03:37:19,raspberrypi,raspberry-pi,Debian GNU/Linux 13 (trixie),nano-260m-f16,3,4,512,64,512,64,13.4472,11.9804,25.5644,25.5074,38.07,5.34,187,187,6648,80.3
2025-10-07_03:37:59,raspberrypi,raspberry-pi,Debian GNU/Linux 13 (trixie),nano-260m-f16,1,4,512,128,512,128,13.4463,23.3179,36.8972,36.8432,38.08,5.49,183,187,6646,79.8
2025-10-07_03:38:38,raspberrypi,raspberry-pi,Debian GNU/Linux 13 (trixie),nano-260m-f16,2,4,512,128,512,128,13.4688,23.3825,36.9811,36.9272,38.01,5.47,183,187,6648,78.8
2025-10-07_03:39:19,raspberrypi,raspberry-pi,Debian GNU/Linux 13 (trixie),nano-260m-f16,3,4,512,128,512,128,13.6177,25.2585,39.0078,38.9538,37.60,5.07,183,187,6650,78.8
2025-10-07_03:40:00,raspberrypi,raspberry-pi,Debian GNU/Linux 13 (trixie),nano-260m-f16,1,4,1024,32,1024,32,30.7184,6.3726,38.9614,38.8842,33.34,5.02,182,187,6635,78.8
2025-10-07_03:40:40,raspberrypi,raspberry-pi,Debian GNU/Linux 13 (trixie),nano-260m-f16,2,4,1024,32,1024,32,30.9220,6.3487,37.4296,37.3521,33.12,5.04,185,187,6631,81.3
2025-10-07_03:41:20,raspberrypi,raspberry-pi,Debian GNU/Linux 13 (trixie),nano-260m-f16,3,4,1024,32,1024,32,31.3775,6.3148,37.8447,37.7707,32.63,5.07,182,187,6634,80.3
2025-10-07_03:42:06,raspberrypi,raspberry-pi,Debian GNU/Linux 13 (trixie),nano-260m-f16,1,4,1024,64,1024,64,31.2803,12.9269,44.3615,44.2849,32.74,4.95,187,187,6625,80.3
2025-10-07_03:42:54,raspberrypi,raspberry-pi,Debian GNU/Linux 13 (trixie),nano-260m-f16,2,4,1024,64,1024,64,31.2470,14.0978,45.4953,45.4194,32.77,4.54,187,187,6625,80.8
2025-10-07_03:43:41,raspberrypi,raspberry-pi,Debian GNU/Linux 13 (trixie),nano-260m-f16,3,4,1024,64,1024,64,31.3154,13.0958,44.5593,44.4858,32.70,4.89,184,187,6625,80.8
2025-10-07_03:44:40,raspberrypi,raspberry-pi,Debian GNU/Linux 13 (trixie),nano-260m-f16,1,4,1024,128,1024,128,31.3042,25.5046,56.9594,56.8853,32.71,5.02,184,187,6622,81.3
2025-10-07_03:45:39,raspberrypi,raspberry-pi,Debian GNU/Linux 13 (trixie),nano-260m-f16,2,4,1024,128,1024,128,31.4371,25.7405,57.3332,57.2543,32.57,4.97,187,187,6621,79.8
2025-10-07_03:46:43,raspberrypi,raspberry-pi,Debian GNU/Linux 13 (trixie),nano-260m-f16,3,4,1024,128,1024,128,31.4718,30.1516,61.7747,61.6992,32.54,4.25,184,187,6625,80.3
2025-10-07_03:48:09,raspberrypi,raspberry-pi,Debian GNU/Linux 13 (trixie),nano-260m-f16,1,4,2048,32,2048,32,73.8946,7.2434,83.0542,82.9376,27.72,4.42,184,187,6590,79.8
2025-10-07_03:49:33,raspberrypi,raspberry-pi,Debian GNU/Linux 13 (trixie),nano-260m-f16,2,4,2048,32,2048,32,74.6979,7.1999,82.1015,81.9816,27.42,4.44,187,187,6582,80.3
2025-10-07_03:52:30,raspberrypi,raspberry-pi,Debian GNU/Linux 13 (trixie),nano-260m-f16,1,4,2048,64,2048,64,74.6614,15.5730,90.4355,90.3116,27.43,4.11,187,187,6577,80.8
2025-10-07_03:54:02,raspberrypi,raspberry-pi,Debian GNU/Linux 13 (trixie),nano-260m-f16,2,4,2048,64,2048,64,74.9890,14.2712,89.4548,89.3382,27.31,4.48,187,187,6581,81.8
2025-10-07_03:55:35,raspberrypi,raspberry-pi,Debian GNU/Linux 13 (trixie),nano-260m-f16,3,4,2048,64,2048,64,74.8961,15.4687,90.5641,90.4417,27.34,4.14,184,187,6582,80.8
2025-10-07_03:57:20,raspberrypi,raspberry-pi,Debian GNU/Linux 13 (trixie),nano-260m-f16,1,4,2048,128,2048,128,74.7982,28.5707,103.5669,103.4479,27.38,4.48,187,187,6579,80.8
2025-10-07_03:59:06,raspberrypi,raspberry-pi,Debian GNU/Linux 13 (trixie),nano-260m-f16,2,4,2048,128,2048,128,74.3823,28.4108,102.9920,102.8701,27.53,4.51,184,187,6577,81.3
2025-10-07_04:00:51,raspberrypi,raspberry-pi,Debian GNU/Linux 13 (trixie),nano-260m-f16,3,4,2048,128,2048,128,74.4459,28.8162,103.4609,103.3417,27.51,4.44,184,187,6579,80.8
2025-10-07_04:04:23,raspberrypi,raspberry-pi,Debian GNU/Linux 13 (trixie),nano-260m-f16,1,4,4096,32,4096,32,198.4434,8.4542,208.9153,208.7077,20.64,3.79,183,187,6506,81.8
2025-10-07_04:07:52,raspberrypi,raspberry-pi,Debian GNU/Linux 13 (trixie),nano-260m-f16,2,4,4096,32,4096,32,198.0106,8.4189,206.7205,206.5160,20.69,3.80,183,187,6503,81.3
2025-10-07_04:11:20,raspberrypi,raspberry-pi,Debian GNU/Linux 13 (trixie),nano-260m-f16,3,4,4096,32,4096,32,197.7174,8.4244,206.4290,206.2289,20.72,3.80,185,187,6492,79.3
2025-10-07_04:14:58,raspberrypi,raspberry-pi,Debian GNU/Linux 13 (trixie),nano-260m-f16,1,4,4096,64,4096,64,198.4880,16.8514,215.6271,215.4262,20.64,3.80,185,187,6493,79.8
2025-10-07_04:18:36,raspberrypi,raspberry-pi,Debian GNU/Linux 13 (trixie),nano-260m-f16,2,4,4096,64,4096,64,198.2990,16.9121,215.4986,215.2970,20.66,3.78,182,187,6493,80.8
2025-10-07_04:22:14,raspberrypi,raspberry-pi,Debian GNU/Linux 13 (trixie),nano-260m-f16,3,4,4096,64,4096,64,198.1818,16.8314,215.3137,215.1006,20.67,3.80,183,187,6490,80.8
2025-10-07_04:26:09,raspberrypi,raspberry-pi,Debian GNU/Linux 13 (trixie),nano-260m-f16,1,4,4096,128,4096,128,198.7409,33.5438,232.5784,232.3714,20.61,3.82,183,187,6487,80.8
2025-10-07_04:30:03,raspberrypi,raspberry-pi,Debian GNU/Linux 13 (trixie),nano-260m-f16,2,4,4096,128,4096,128,198.1372,33.9230,232.3504,232.1483,20.67,3.77,183,187,6482,80.3
2025-10-07_04:33:58,raspberrypi,raspberry-pi,Debian GNU/Linux 13 (trixie),nano-260m-f16,3,4,4096,128,4096,128,198.4584,33.7739,232.5176,232.3185,20.64,3.79,183,187,6488,80.3
