ts,host,soc,jetpack,model,rep,num_thread,num_ctx,num_predict,prompt_tokens,gen_tokens,prompt_sec,gen_sec,ttft_sec,total_sec,prompt_tps,gen_tps,proc_rss_mb,proc_hwm_mb,sys_mem_avail_mb,avg_power_w,max_power_w,idle_power_w,net_power_w,energy_total_j,energy_per_generated_token_j,energy_per_all_tokens_j,avg_gpu_temp_c,avg_cpu_temp_c,throttling
2025-10-08_14:04:30,tudor14-desktop,jetson-nano-4gb,32.7.6-20241104234540,nano-125m-q5,1,2,512,32,59,32,1.5398,1.4618,5.2496,5.2166,38.32,21.89,143,153,2133,4.133,0.000,2.515,1.618,8.4405,0.263766,0.092753,39.7,41.3,no
2025-10-08_14:04:40,tudor14-desktop,jetson-nano-4gb,32.7.6-20241104234540,nano-125m-q5,2,2,512,32,59,32,1.5365,1.4641,4.2079,4.1785,38.40,21.86,137,153,2142,4.312,0.000,3.201,1.111,4.6423,0.145072,0.051014,39.0,43.2,no
2025-10-08_14:04:50,tudor14-desktop,jetson-nano-4gb,32.7.6-20241104234540,nano-125m-q5,3,2,512,32,59,32,1.5353,1.4590,4.2074,4.1786,38.43,21.93,139,153,2140,4.300,0.000,3.316,0.984,4.1117,0.128491,0.045184,39.0,42.0,no
2025-10-08_14:05:01,tudor14-desktop,jetson-nano-4gb,32.7.6-20241104234540,nano-125m-q5,1,2,512,64,59,64,1.5575,2.9997,4.6443,5.7251,37.88,21.34,144,153,2144,4.314,0.000,3.239,1.075,6.1545,0.096164,0.050037,39.5,44.0,no
2025-10-08_14:05:12,tudor14-desktop,jetson-nano-4gb,32.7.6-20241104234540,nano-125m-q5,2,2,512,64,59,64,1.5408,2.9934,4.6399,5.7157,38.29,21.38,142,153,2146,4.398,0.000,3.328,1.070,6.1158,0.095559,0.049722,39.0,43.7,no
2025-10-08_14:05:23,tudor14-desktop,jetson-nano-4gb,32.7.6-20241104234540,nano-125m-q5,3,2,512,64,59,64,1.5380,2.9617,4.6249,5.6801,38.36,21.61,133,153,2148,4.421,0.000,3.367,1.054,5.9868,0.093544,0.048673,39.5,43.2,no
2025-10-08_14:05:37,tudor14-desktop,jetson-nano-4gb,32.7.6-20241104234540,nano-125m-q5,1,2,512,128,59,128,1.5594,6.1698,4.6974,8.9227,37.84,20.75,133,153,2155,4.531,0.000,3.426,1.105,9.8596,0.077028,0.052725,39.8,43.7,no
2025-10-08_14:05:52,tudor14-desktop,jetson-nano-4gb,32.7.6-20241104234540,nano-125m-q5,2,2,512,128,59,128,1.5574,6.1144,4.6818,8.8552,37.88,20.93,144,153,2138,4.568,0.000,3.347,1.221,10.8122,0.084470,0.057819,40.3,43.3,no
2025-10-08_14:06:06,tudor14-desktop,jetson-nano-4gb,32.7.6-20241104234540,nano-125m-q5,3,2,512,128,59,128,1.5376,6.0924,4.6309,8.8073,38.37,21.01,142,153,2146,4.590,0.000,3.426,1.164,10.2517,0.080091,0.054822,40.2,43.6,no
2025-10-08_14:06:17,tudor14-desktop,jetson-nano-4gb,32.7.6-20241104234540,nano-125m-q5,1,2,1024,32,130,32,3.4995,1.4789,6.1861,6.1567,37.15,21.64,143,153,2144,4.419,0.000,3.466,0.953,5.8673,0.183353,0.036218,40.0,46.0,no
2025-10-08_14:06:29,tudor14-desktop,jetson-nano-4gb,32.7.6-20241104234540,nano-125m-q5,2,2,1024,32,130,32,3.4839,1.4788,6.1555,6.1265,37.31,21.64,145,153,2132,4.412,0.000,3.406,1.006,6.1633,0.192603,0.038045,40.8,45.0,no
2025-10-08_14:06:41,tudor14-desktop,jetson-nano-4gb,32.7.6-20241104234540,nano-125m-q5,3,2,1024,32,130,32,3.5297,1.4925,6.3086,6.2811,36.83,21.44,142,153,2136,4.529,0.000,3.466,1.063,6.6768,0.208650,0.041215,41.0,45.5,no
2025-10-08_14:06:54,tudor14-desktop,jetson-nano-4gb,32.7.6-20241104234540,nano-125m-q5,1,2,1024,64,130,64,3.5353,3.0739,6.6802,7.7745,36.77,20.82,144,153,2140,4.460,0.000,3.466,0.994,7.7279,0.120748,0.039835,41.2,45.0,no
2025-10-08_14:07:07,tudor14-desktop,jetson-nano-4gb,32.7.6-20241104234540,nano-125m-q5,2,2,1024,64,130,64,3.5334,3.0394,6.6710,7.7563,36.79,21.06,145,153,2142,4.560,0.000,3.446,1.114,8.6405,0.135008,0.044539,41.2,44.5,no
2025-10-08_14:07:20,tudor14-desktop,jetson-nano-4gb,32.7.6-20241104234540,nano-125m-q5,3,2,1024,64,130,64,3.5329,3.0642,6.6869,7.7854,36.80,20.89,145,153,2143,4.564,0.000,2.591,1.973,15.3606,0.240009,0.079178,41.2,45.0,no
2025-10-08_14:07:37,tudor14-desktop,jetson-nano-4gb,32.7.6-20241104234540,nano-125m-q5,1,2,1024,128,130,128,3.5326,6.2186,6.6920,10.9292,36.80,20.58,147,153,2141,4.632,0.000,2.613,2.019,22.0661,0.172391,0.085528,41.0,45.3,no
2025-10-08_14:07:53,tudor14-desktop,jetson-nano-4gb,32.7.6-20241104234540,nano-125m-q5,2,2,1024,128,130,128,3.5288,6.2772,6.7255,11.0201,36.84,20.39,148,153,2139,4.638,0.000,2.613,2.025,22.3157,0.174341,0.086495,41.7,45.0,no
2025-10-08_14:08:09,tudor14-desktop,jetson-nano-4gb,32.7.6-20241104234540,nano-125m-q5,3,2,1024,128,130,128,3.4891,6.2268,6.6185,10.8945,37.26,20.56,148,153,2137,4.635,0.000,2.593,2.042,22.2466,0.173802,0.086227,42.0,46.8,no
2025-10-08_14:08:27,tudor14-desktop,jetson-nano-4gb,32.7.6-20241104234540,nano-125m-q5,1,2,2048,32,312,32,8.9307,1.5966,11.7292,11.6987,34.94,20.04,142,153,2144,4.514,0.000,2.611,1.903,22.2626,0.695706,0.064717,42.0,47.5,no
2025-10-08_14:08:44,tudor14-desktop,jetson-nano-4gb,32.7.6-20241104234540,nano-125m-q5,2,2,2048,32,312,32,8.8273,1.5950,11.6549,11.6266,35.34,20.06,145,153,2133,4.524,0.000,2.613,1.911,22.2184,0.694325,0.064588,42.2,45.7,no
2025-10-08_14:09:01,tudor14-desktop,jetson-nano-4gb,32.7.6-20241104234540,nano-125m-q5,3,2,2048,32,312,32,8.9140,1.6043,11.7191,11.6911,35.00,19.95,141,153,2146,4.518,0.000,2.593,1.925,22.5054,0.703294,0.065423,42.1,47.0,no
2025-10-08_14:09:20,tudor14-desktop,jetson-nano-4gb,32.7.6-20241104234540,nano-125m-q5,1,2,2048,64,312,64,8.9270,3.2517,12.1300,13.3595,34.95,19.68,145,153,2141,4.533,0.000,2.609,1.924,25.7037,0.401620,0.068361,42.5,47.3,no
2025-10-08_14:09:38,tudor14-desktop,jetson-nano-4gb,32.7.6-20241104234540,nano-125m-q5,2,2,2048,64,312,64,8.8965,3.2365,12.0981,13.3174,35.07,19.77,145,153,2142,4.559,0.000,2.611,1.948,25.9423,0.405348,0.068995,43.2,47.2,no
2025-10-08_14:09:57,tudor14-desktop,jetson-nano-4gb,32.7.6-20241104234540,nano-125m-q5,3,2,2048,64,312,64,8.8345,3.2605,12.1310,13.3103,35.32,19.63,142,153,2141,4.580,0.000,2.629,1.951,25.9684,0.405756,0.069065,44.0,47.6,no
2025-10-08_14:10:19,tudor14-desktop,jetson-nano-4gb,32.7.6-20241104234540,nano-125m-q5,1,2,2048,128,312,128,8.8136,6.6364,12.0114,16.6258,35.40,19.29,141,153,2143,4.616,0.000,2.611,2.005,33.3347,0.260427,0.075761,43.7,47.1,no
2025-10-08_14:10:41,tudor14-desktop,jetson-nano-4gb,32.7.6-20241104234540,nano-125m-q5,2,2,2048,128,312,128,8.8297,6.6034,12.0709,16.6082,35.34,19.38,143,153,2142,4.628,0.000,2.589,2.039,33.8641,0.264563,0.076964,43.6,46.9,no
2025-10-08_14:11:03,tudor14-desktop,jetson-nano-4gb,32.7.6-20241104234540,nano-125m-q5,3,2,2048,128,312,128,8.8380,6.6373,12.0515,16.6538,35.30,19.28,141,153,2140,4.623,0.000,2.648,1.975,32.8913,0.256963,0.074753,43.5,47.5,no
2025-10-08_14:11:32,tudor14-desktop,jetson-nano-4gb,32.7.6-20241104234540,nano-125m-q5,1,2,4096,32,659,32,20.1768,1.7798,23.1667,23.1343,32.66,17.98,144,153,2138,4.519,0.000,2.631,1.888,43.6776,1.364925,0.063209,44.7,48.5,no
2025-10-08_14:12:01,tudor14-desktop,jetson-nano-4gb,32.7.6-20241104234540,nano-125m-q5,2,2,4096,32,659,32,20.2989,1.7654,23.2752,23.2444,32.46,18.13,142,153,2137,4.500,0.000,2.671,1.829,42.5140,1.328563,0.061525,44.9,49.6,no
2025-10-08_14:12:29,tudor14-desktop,jetson-nano-4gb,32.7.6-20241104234540,nano-125m-q5,3,2,4096,32,659,32,20.1115,1.7714,23.1270,23.0939,32.77,18.06,141,153,2136,4.527,0.000,2.609,1.918,44.2941,1.384191,0.064101,44.6,48.8,no
2025-10-08_14:13:00,tudor14-desktop,jetson-nano-4gb,32.7.6-20241104234540,nano-125m-q5,1,2,4096,64,659,64,20.3416,3.6162,23.7784,25.1308,32.40,17.70,144,153,2131,4.535,0.000,2.648,1.887,47.4218,0.740966,0.065590,44.8,49.6,no
2025-10-08_14:13:31,tudor14-desktop,jetson-nano-4gb,32.7.6-20241104234540,nano-125m-q5,2,2,4096,64,659,64,20.2726,3.6541,23.7340,25.1075,32.51,17.51,142,153,2139,4.529,0.000,2.629,1.900,47.7043,0.745380,0.065981,45.6,49.5,no
2025-10-08_14:14:01,tudor14-desktop,jetson-nano-4gb,32.7.6-20241104234540,nano-125m-q5,3,2,4096,64,659,64,20.3458,3.6137,23.7822,25.1379,32.39,17.71,144,153,2140,4.525,0.000,2.648,1.877,47.1838,0.737247,0.065261,45.3,49.9,no
2025-10-08_14:14:35,tudor14-desktop,jetson-nano-4gb,32.7.6-20241104234540,nano-125m-q5,1,2,4096,128,659,128,20.3305,7.3964,23.7689,28.9030,32.41,17.31,142,153,2139,4.573,0.000,2.629,1.944,56.1874,0.438964,0.071394,45.8,49.8,no
2025-10-08_14:15:10,tudor14-desktop,jetson-nano-4gb,32.7.6-20241104234540,nano-125m-q5,2,2,4096,128,659,128,20.3377,7.3763,23.7841,28.9053,32.40,17.35,144,153,2139,4.593,0.000,2.648,1.945,56.2208,0.439225,0.071437,45.9,49.6,no
2025-10-08_14:15:44,tudor14-desktop,jetson-nano-4gb,32.7.6-20241104234540,nano-125m-q5,3,2,4096,128,659,128,20.3352,7.3073,23.7822,28.8363,32.41,17.52,145,153,2128,4.581,0.000,2.629,1.952,56.2885,0.439754,0.071523,46.2,50.4,no
2025-10-08_14:15:53,tudor14-desktop,jetson-nano-4gb,32.7.6-20241104234540,nano-125m-q5,1,4,512,32,59,32,0.7902,0.9475,2.9494,2.9207,74.66,33.77,142,153,2131,5.227,0.000,2.651,2.576,7.5237,0.235116,0.082678,45.5,48.0,no
2025-10-08_14:16:01,tudor14-desktop,jetson-nano-4gb,32.7.6-20241104234540,nano-125m-q5,2,4,512,32,59,32,0.8408,0.8857,2.9436,2.9153,70.17,36.13,142,153,2123,5.207,0.000,2.533,2.674,7.7955,0.243609,0.085665,45.0,48.0,no
2025-10-08_14:16:09,tudor14-desktop,jetson-nano-4gb,32.7.6-20241104234540,nano-125m-q5,3,4,512,32,59,32,0.8481,0.9405,2.9923,2.9632,69.57,34.02,142,153,2123,5.244,0.000,2.629,2.615,7.7488,0.242150,0.085152,46.0,50.0,no
2025-10-08_14:16:19,tudor14-desktop,jetson-nano-4gb,32.7.6-20241104234540,nano-125m-q5,1,4,512,64,59,64,0.8585,1.9847,3.2808,4.0287,68.72,32.25,145,153,2123,5.737,0.000,2.513,3.224,12.9885,0.202945,0.105598,45.0,51.5,no
2025-10-08_14:16:28,tudor14-desktop,jetson-nano-4gb,32.7.6-20241104234540,nano-125m-q5,2,4,512,64,59,64,0.7981,1.9449,3.2650,3.9190,73.93,32.91,145,153,2129,5.666,0.000,2.649,3.017,11.8236,0.184744,0.096127,45.7,49.5,no
2025-10-08_14:16:38,tudor14-desktop,jetson-nano-4gb,32.7.6-20241104234540,nano-125m-q5,3,4,512,64,59,64,0.8495,1.8933,3.2402,3.9251,69.45,33.80,148,153,2117,5.639,0.000,2.591,3.048,11.9637,0.186933,0.097266,45.7,51.0,no
2025-10-08_14:16:49,tudor14-desktop,jetson-nano-4gb,32.7.6-20241104234540,nano-125m-q5,1,4,512,128,59,128,0.7886,4.0879,3.1941,6.0591,74.82,31.31,146,153,2133,5.793,0.000,2.593,3.200,19.3891,0.151477,0.103685,46.0,51.0,no
2025-10-08_14:17:01,tudor14-desktop,jetson-nano-4gb,32.7.6-20241104234540,nano-125m-q5,2,4,512,128,59,128,0.8440,4.0160,3.3140,6.0580,69.91,31.87,146,153,2117,6.048,0.000,2.648,3.400,20.5972,0.160916,0.110145,45.8,50.2,no
2025-10-08_14:17:12,tudor14-desktop,jetson-nano-4gb,32.7.6-20241104234540,nano-125m-q5,3,4,512,128,59,128,0.8659,4.0762,3.3145,6.1295,68.14,31.40,151,153,2118,6.022,0.000,2.609,3.413,20.9200,0.163438,0.111872,45.8,52.0,no
2025-10-08_14:17:22,tudor14-desktop,jetson-nano-4gb,32.7.6-20241104234540,nano-125m-q5,1,4,1024,32,130,32,1.8320,0.9371,3.9847,3.9539,70.96,34.15,145,153,2118,5.614,0.000,2.668,2.946,11.6482,0.364006,0.071902,46.0,0.0,no
2025-10-08_14:17:31,tudor14-desktop,jetson-nano-4gb,32.7.6-20241104234540,nano-125m-q5,2,4,1024,32,130,32,1.7863,0.9901,3.9723,3.9440,72.78,32.32,144,153,2125,5.562,0.000,2.591,2.971,11.7176,0.366175,0.072331,46.0,50.0,no
2025-10-08_14:17:40,tudor14-desktop,jetson-nano-4gb,32.7.6-20241104234540,nano-125m-q5,3,4,1024,32,130,32,1.8358,0.9376,3.9738,3.9476,70.81,34.13,147,153,2120,5.514,0.000,2.593,2.921,11.5309,0.360341,0.071178,0.0,52.0,no
2025-10-08_14:17:51,tudor14-desktop,jetson-nano-4gb,32.7.6-20241104234540,nano-125m-q5,1,4,1024,64,130,64,1.8297,2.0199,4.3800,5.0372,71.05,31.68,148,153,2119,5.969,0.000,2.688,3.281,16.5271,0.258236,0.085191,46.0,52.0,no
2025-10-08_14:18:01,tudor14-desktop,jetson-nano-4gb,32.7.6-20241104234540,nano-125m-q5,2,4,1024,64,130,64,1.7994,1.9562,4.2309,4.9272,72.25,32.72,145,153,2121,5.761,0.000,2.611,3.150,15.5207,0.242511,0.080004,47.0,52.0,no
2025-10-08_14:18:12,tudor14-desktop,jetson-nano-4gb,32.7.6-20241104234540,nano-125m-q5,3,4,1024,64,130,64,1.8624,1.8437,4.2994,4.9356,69.80,34.71,148,153,2123,5.761,0.000,2.573,3.188,15.7347,0.245855,0.081107,48.0,50.5,no
2025-10-08_14:18:24,tudor14-desktop,jetson-nano-4gb,32.7.6-20241104234540,nano-125m-q5,1,4,1024,128,130,128,1.8349,4.1435,4.3417,7.1883,70.85,30.89,149,153,2115,6.102,0.000,2.668,3.434,24.6846,0.192848,0.095677,48.0,52.0,no
2025-10-08_14:18:37,tudor14-desktop,jetson-nano-4gb,32.7.6-20241104234540,nano-125m-q5,2,4,1024,128,130,128,1.7939,4.1247,4.3097,7.1047,72.47,31.03,151,153,2119,6.070,0.000,2.668,3.402,24.1702,0.188830,0.093683,47.0,51.0,no
2025-10-08_14:18:49,tudor14-desktop,jetson-nano-4gb,32.7.6-20241104234540,nano-125m-q5,3,4,1024,128,130,128,1.7942,3.9671,4.2824,6.9439,72.46,32.27,151,153,2118,6.107,0.000,2.668,3.439,23.8801,0.186563,0.092559,47.0,51.3,no
2025-10-08_14:19:02,tudor14-desktop,jetson-nano-4gb,32.7.6-20241104234540,nano-125m-q5,1,4,2048,32,312,32,4.5521,1.0301,6.8003,6.7707,68.54,31.06,151,155,2113,6.081,0.000,2.668,3.413,23.1084,0.722137,0.067176,46.8,52.0,no
2025-10-08_14:19:14,tudor14-desktop,jetson-nano-4gb,32.7.6-20241104234540,nano-125m-q5,2,4,2048,32,312,32,4.5878,1.0245,6.8174,6.7858,68.01,31.23,150,155,2113,6.056,0.000,2.648,3.408,23.1260,0.722688,0.067227,46.8,53.0,no
2025-10-08_14:19:26,tudor14-desktop,jetson-nano-4gb,32.7.6-20241104234540,nano-125m-q5,3,4,2048,32,312,32,4.6236,1.0109,6.8780,6.8500,67.48,31.65,150,158,2112,5.983,0.000,2.629,3.354,22.9749,0.717966,0.066787,47.0,52.5,no
2025-10-08_14:19:39,tudor14-desktop,jetson-nano-4gb,32.7.6-20241104234540,nano-125m-q5,1,4,2048,64,312,64,4.5877,2.0192,7.0891,7.8287,68.01,31.70,154,160,2116,5.982,0.000,2.726,3.256,25.4902,0.398284,0.067793,48.0,51.8,no
2025-10-08_14:19:53,tudor14-desktop,jetson-nano-4gb,32.7.6-20241104234540,nano-125m-q5,2,4,2048,64,312,64,4.5404,2.0538,6.9835,7.7738,68.72,31.16,151,160,2118,6.088,0.000,2.648,3.440,26.7419,0.417842,0.071122,48.0,53.0,no
2025-10-08_14:20:06,tudor14-desktop,jetson-nano-4gb,32.7.6-20241104234540,nano-125m-q5,3,4,2048,64,312,64,4.5453,2.0764,7.0955,7.8083,68.64,30.82,154,160,2115,6.011,0.000,2.688,3.323,25.9470,0.405422,0.069008,48.5,0.0,no
2025-10-08_14:20:21,tudor14-desktop,jetson-nano-4gb,32.7.6-20241104234540,nano-125m-q5,1,4,2048,128,312,128,4.5503,4.2595,7.1448,9.9870,68.57,30.05,147,160,2122,6.178,0.000,2.688,3.490,34.8546,0.272302,0.079215,48.2,53.2,no
2025-10-08_14:20:37,tudor14-desktop,jetson-nano-4gb,32.7.6-20241104234540,nano-125m-q5,2,4,2048,128,312,128,4.5415,4.1370,7.0103,9.8666,68.70,30.94,151,160,2112,6.195,0.000,2.668,3.527,34.7995,0.271871,0.079090,47.8,53.6,no
2025-10-08_14:20:52,tudor14-desktop,jetson-nano-4gb,32.7.6-20241104234540,nano-125m-q5,3,4,2048,128,312,128,4.5911,4.2225,7.1827,10.0337,67.96,30.31,149,160,2116,6.149,0.000,2.688,3.461,34.7266,0.271302,0.078924,49.0,53.2,no
2025-10-08_14:21:10,tudor14-desktop,jetson-nano-4gb,32.7.6-20241104234540,nano-125m-q5,1,4,4096,32,659,32,10.3706,1.1037,12.6715,12.6405,63.55,28.99,153,160,2115,6.196,0.000,2.688,3.508,44.3429,1.385716,0.064172,49.2,54.0,no
2025-10-08_14:21:29,tudor14-desktop,jetson-nano-4gb,32.7.6-20241104234540,nano-125m-q5,2,4,4096,32,659,32,10.3721,1.1978,12.7883,12.7560,63.54,26.72,154,160,2115,6.184,0.000,2.668,3.516,44.8501,1.401566,0.064906,48.5,54.0,no
2025-10-08_14:21:47,tudor14-desktop,jetson-nano-4gb,32.7.6-20241104234540,nano-125m-q5,3,4,4096,32,659,32,10.4046,1.0687,12.6666,12.6345,63.34,29.94,151,160,2118,6.231,0.000,2.667,3.564,45.0294,1.407169,0.065166,49.6,55.0,no
2025-10-08_14:22:06,tudor14-desktop,jetson-nano-4gb,32.7.6-20241104234540,nano-125m-q5,1,4,4096,64,659,64,10.4028,2.1867,12.9577,13.7808,63.35,29.27,149,160,2119,6.225,0.000,2.708,3.517,48.4671,0.757298,0.067036,50.4,55.0,no
2025-10-08_14:22:25,tudor14-desktop,jetson-nano-4gb,32.7.6-20241104234540,nano-125m-q5,2,4,4096,64,659,64,10.3960,2.2218,13.0354,13.8193,63.39,28.81,151,160,2116,6.253,0.000,2.687,3.566,49.2796,0.769994,0.068160,50.0,55.3,no
2025-10-08_14:22:45,tudor14-desktop,jetson-nano-4gb,32.7.6-20241104234540,nano-125m-q5,3,4,4096,64,659,64,10.3586,2.4784,13.0266,14.0207,63.62,25.82,149,160,2118,6.209,0.000,2.684,3.525,49.4230,0.772234,0.068358,49.8,55.7,no
2025-10-08_14:23:06,tudor14-desktop,jetson-nano-4gb,32.7.6-20241104234540,nano-125m-q5,1,4,4096,128,659,128,10.4406,4.6892,13.1064,16.3021,63.12,27.30,148,160,2121,6.308,0.000,2.704,3.604,58.7528,0.459006,0.074654,51.0,55.6,no
2025-10-08_14:23:28,tudor14-desktop,jetson-nano-4gb,32.7.6-20241104234540,nano-125m-q5,2,4,4096,128,659,128,10.3937,4.9286,13.0543,16.5226,63.40,25.97,152,160,2115,6.264,0.000,2.687,3.577,59.1013,0.461729,0.075097,52.0,55.7,no
2025-10-08_14:23:50,tudor14-desktop,jetson-nano-4gb,32.7.6-20241104234540,nano-125m-q5,3,4,4096,128,659,128,10.4118,4.7611,13.1799,16.3907,63.29,26.88,150,160,2116,6.230,0.000,2.704,3.526,57.7936,0.451512,0.073435,51.4,56.4,no
2025-10-08_14:24:01,tudor14-desktop,jetson-nano-4gb,32.7.6-20241104234540,nano-125m-f16,1,2,512,32,59,32,1.1093,2.4292,5.2530,5.2240,53.19,13.17,146,160,2114,5.065,0.000,2.744,2.321,12.1249,0.378903,0.133241,50.0,56.0,no
2025-10-08_14:24:11,tudor14-desktop,jetson-nano-4gb,32.7.6-20241104234540,nano-125m-f16,2,2,512,32,59,32,1.1035,2.4127,4.7770,4.7479,53.47,13.26,148,160,2112,4.909,0.000,2.667,2.242,10.6448,0.332650,0.116976,50.0,55.0,no
2025-10-08_14:24:21,tudor14-desktop,jetson-nano-4gb,32.7.6-20241104234540,nano-125m-f16,3,2,512,32,59,32,1.1071,2.4108,4.7344,4.7039,53.29,13.27,149,160,2109,4.702,0.000,3.612,1.090,5.1273,0.160228,0.056344,50.8,54.0,no
2025-10-08_14:24:34,tudor14-desktop,jetson-nano-4gb,32.7.6-20241104234540,nano-125m-f16,1,2,512,64,59,64,1.0973,4.9254,5.5949,7.4537,53.77,12.99,146,160,2121,5.130,0.000,3.525,1.605,11.9632,0.186925,0.097262,50.2,54.0,no
2025-10-08_14:24:47,tudor14-desktop,jetson-nano-4gb,32.7.6-20241104234540,nano-125m-f16,2,2,512,64,59,64,1.1011,4.9507,5.6091,7.4874,53.58,12.93,146,160,2121,5.158,0.000,2.744,2.414,18.0746,0.282416,0.146948,50.2,55.0,no
2025-10-08_14:25:00,tudor14-desktop,jetson-nano-4gb,32.7.6-20241104234540,nano-125m-f16,3,2,512,64,59,64,1.1026,4.9669,5.7740,7.6481,53.51,12.89,146,160,2126,5.099,0.000,2.708,2.391,18.2866,0.285728,0.148672,50.3,53.8,no
2025-10-08_14:25:18,tudor14-desktop,jetson-nano-4gb,32.7.6-20241104234540,nano-125m-f16,1,2,512,128,59,128,1.1027,10.0466,5.6201,12.5885,53.51,12.74,144,160,2123,5.212,0.000,2.707,2.505,31.5342,0.246361,0.168632,50.7,54.6,no
2025-10-08_14:25:36,tudor14-desktop,jetson-nano-4gb,32.7.6-20241104234540,nano-125m-f16,2,2,512,128,59,128,1.1042,9.9778,5.5888,12.5001,53.43,12.83,145,160,2123,5.212,0.000,2.708,2.504,31.3003,0.244534,0.167381,50.7,54.1,no
2025-10-08_14:25:54,tudor14-desktop,jetson-nano-4gb,32.7.6-20241104234540,nano-125m-f16,3,2,512,128,59,128,1.1025,9.9247,5.5744,12.4487,53.51,12.90,144,160,2128,5.222,0.000,2.668,2.554,31.7940,0.248391,0.170021,51.0,53.7,no
2025-10-08_14:26:06,tudor14-desktop,jetson-nano-4gb,32.7.6-20241104234540,nano-125m-f16,1,2,1024,32,130,32,2.5127,2.4587,6.4935,6.4664,51.74,13.02,150,160,2113,4.946,0.000,2.728,2.218,14.3425,0.448203,0.088534,49.8,53.5,no
2025-10-08_14:26:18,tudor14-desktop,jetson-nano-4gb,32.7.6-20241104234540,nano-125m-f16,2,2,1024,32,130,32,2.5187,2.4421,6.1908,6.1623,51.61,13.10,147,160,2119,4.976,0.000,2.688,2.288,14.0993,0.440603,0.087033,50.0,55.0,no
2025-10-08_14:26:29,tudor14-desktop,jetson-nano-4gb,32.7.6-20241104234540,nano-125m-f16,3,2,1024,32,130,32,2.5375,2.4517,6.1922,6.1620,51.23,13.05,149,160,2115,4.886,0.000,3.596,1.290,7.9490,0.248406,0.049068,49.5,52.5,no
2025-10-08_14:26:44,tudor14-desktop,jetson-nano-4gb,32.7.6-20241104234540,nano-125m-f16,1,2,1024,64,130,64,2.5119,4.9806,7.0614,8.9306,51.75,12.85,152,160,2121,5.085,0.000,3.602,1.483,13.2441,0.206939,0.068269,49.7,53.0,no
2025-10-08_14:26:58,tudor14-desktop,jetson-nano-4gb,32.7.6-20241104234540,nano-125m-f16,2,2,1024,64,130,64,2.5271,5.0016,6.8326,8.7115,51.44,12.80,151,160,2120,5.002,0.000,2.668,2.334,20.3326,0.317697,0.104807,49.0,54.0,no
2025-10-08_14:27:12,tudor14-desktop,jetson-nano-4gb,32.7.6-20241104234540,nano-125m-f16,3,2,1024,64,130,64,2.5057,5.0314,7.0748,8.9640,51.88,12.72,146,160,2121,5.074,0.000,3.441,1.633,14.6382,0.228722,0.075455,49.0,54.0,no
2025-10-08_14:27:31,tudor14-desktop,jetson-nano-4gb,32.7.6-20241104234540,nano-125m-f16,1,2,1024,128,130,128,2.5184,10.1514,6.8011,13.8485,51.62,12.61,145,160,2121,5.119,0.000,2.708,2.411,33.3887,0.260849,0.129414,49.6,53.5,no
2025-10-08_14:27:51,tudor14-desktop,jetson-nano-4gb,32.7.6-20241104234540,nano-125m-f16,2,2,1024,128,130,128,2.5065,10.0918,7.0434,14.0202,51.87,12.68,155,160,2112,5.150,0.000,3.562,1.588,22.2641,0.173938,0.086295,49.0,53.0,no
2025-10-08_14:28:10,tudor14-desktop,jetson-nano-4gb,32.7.6-20241104234540,nano-125m-f16,3,2,1024,128,130,128,2.5166,10.0869,7.0661,14.0441,51.66,12.69,152,160,2121,5.136,0.000,2.688,2.448,34.3800,0.268594,0.133256,49.3,54.2,no
2025-10-08_14:28:26,tudor14-desktop,jetson-nano-4gb,32.7.6-20241104234540,nano-125m-f16,1,2,2048,32,312,32,6.4986,2.5309,10.5118,10.4828,48.01,12.64,155,160,2108,4.932,0.000,2.747,2.185,22.9049,0.715778,0.066584,49.3,53.6,no
2025-10-08_14:28:42,tudor14-desktop,jetson-nano-4gb,32.7.6-20241104234540,nano-125m-f16,2,2,2048,32,312,32,6.5361,2.5453,10.2949,10.2658,47.73,12.57,152,160,2112,4.853,0.000,2.688,2.165,22.2255,0.694547,0.064609,49.0,53.0,no
2025-10-08_14:28:58,tudor14-desktop,jetson-nano-4gb,32.7.6-20241104234540,nano-125m-f16,3,2,2048,32,312,32,6.4895,2.5285,10.4682,10.4385,48.08,12.66,155,160,2110,4.904,0.000,3.596,1.308,13.6536,0.426675,0.039691,49.2,54.2,no
2025-10-08_14:29:16,tudor14-desktop,jetson-nano-4gb,32.7.6-20241104234540,nano-125m-f16,1,2,2048,64,312,64,6.5001,5.1397,10.8847,12.8199,48.00,12.45,151,160,2113,4.916,0.000,2.707,2.209,28.3192,0.442487,0.075317,49.2,53.9,no
2025-10-08_14:29:35,tudor14-desktop,jetson-nano-4gb,32.7.6-20241104234540,nano-125m-f16,2,2,2048,64,312,64,6.4458,5.1451,11.0611,13.0138,48.40,12.44,154,160,2111,4.981,0.000,3.539,1.442,18.7659,0.293217,0.049909,49.5,52.9,no
2025-10-08_14:29:53,tudor14-desktop,jetson-nano-4gb,32.7.6-20241104234540,nano-125m-f16,3,2,2048,64,312,64,6.4629,5.1126,11.0748,13.0121,48.28,12.52,151,160,2120,4.978,0.000,2.708,2.270,29.5375,0.461523,0.078557,49.4,53.6,no
2025-10-08_14:30:17,tudor14-desktop,jetson-nano-4gb,32.7.6-20241104234540,nano-125m-f16,1,2,2048,128,312,128,6.5250,10.4383,10.9083,18.1415,47.82,12.26,152,160,2108,5.024,0.000,2.688,2.336,42.3785,0.331082,0.096315,49.8,54.2,no
2025-10-08_14:30:40,tudor14-desktop,jetson-nano-4gb,32.7.6-20241104234540,nano-125m-f16,2,2,2048,128,312,128,6.4889,10.2607,11.1031,18.1836,48.08,12.47,151,160,2114,5.067,0.000,3.615,1.452,26.4026,0.206270,0.060006,49.6,53.4,no
2025-10-08_14:31:04,tudor14-desktop,jetson-nano-4gb,32.7.6-20241104234540,nano-125m-f16,3,2,2048,128,312,128,6.4746,10.2734,11.0734,18.1922,48.19,12.46,152,160,2112,5.081,0.000,2.668,2.413,43.8978,0.342952,0.099768,49.8,52.9,no
2025-10-08_14:31:29,tudor14-desktop,jetson-nano-4gb,32.7.6-20241104234540,nano-125m-f16,1,2,4096,32,659,32,15.0694,2.6286,19.1592,19.1285,43.73,12.17,153,160,2112,4.975,0.000,2.708,2.267,43.3643,1.355134,0.062756,49.7,53.8,no
2025-10-08_14:31:53,tudor14-desktop,jetson-nano-4gb,32.7.6-20241104234540,nano-125m-f16,2,2,4096,32,659,32,15.1016,2.6363,19.2089,19.1759,43.64,12.14,153,160,2112,4.933,0.000,2.688,2.245,43.0499,1.345309,0.062301,49.6,53.3,no
2025-10-08_14:32:18,tudor14-desktop,jetson-nano-4gb,32.7.6-20241104234540,nano-125m-f16,3,2,4096,32,659,32,15.0996,2.7001,19.2808,19.2489,43.64,11.85,156,162,2107,4.941,0.000,2.688,2.253,43.3678,1.355244,0.062761,49.7,54.2,no
2025-10-08_14:32:45,tudor14-desktop,jetson-nano-4gb,32.7.6-20241104234540,nano-125m-f16,1,2,4096,64,659,64,15.0872,5.3466,19.8542,21.8718,43.68,11.97,153,162,2110,4.990,0.000,2.708,2.282,49.9114,0.779866,0.069034,49.5,52.8,no
2025-10-08_14:33:13,tudor14-desktop,jetson-nano-4gb,32.7.6-20241104234540,nano-125m-f16,2,2,4096,64,659,64,15.1235,5.3801,19.9163,21.9423,43.57,11.90,152,162,2111,4.979,0.000,2.708,2.271,49.8310,0.778609,0.068923,49.6,54.2,no
2025-10-08_14:33:40,tudor14-desktop,jetson-nano-4gb,32.7.6-20241104234540,nano-125m-f16,3,2,4096,64,659,64,15.1484,5.3526,19.9208,21.9449,43.50,11.96,156,162,2115,4.963,0.000,2.668,2.295,50.3635,0.786930,0.069659,49.9,54.4,no
2025-10-08_14:34:13,tudor14-desktop,jetson-nano-4gb,32.7.6-20241104234540,nano-125m-f16,1,2,4096,128,659,128,15.1955,11.0065,20.0003,27.6341,43.37,11.63,153,162,2110,5.030,0.000,2.707,2.323,64.1940,0.501516,0.081568,49.9,54.3,no
2025-10-08_14:34:46,tudor14-desktop,jetson-nano-4gb,32.7.6-20241104234540,nano-125m-f16,2,2,4096,128,659,128,15.0736,10.9816,19.8890,27.4958,43.72,11.66,155,162,2108,5.056,0.000,2.688,2.368,65.1101,0.508673,0.082732,50.0,53.5,no
2025-10-08_14:35:19,tudor14-desktop,jetson-nano-4gb,32.7.6-20241104234540,nano-125m-f16,3,2,4096,128,659,128,15.1137,10.8323,19.8692,27.3771,43.60,11.82,153,162,2109,5.071,0.000,2.688,2.383,65.2396,0.509684,0.082897,50.7,53.6,no
2025-10-08_14:35:28,tudor14-desktop,jetson-nano-4gb,32.7.6-20241104234540,nano-125m-f16,1,4,512,32,59,32,0.6224,1.5889,3.6782,3.6499,94.79,20.14,157,162,2097,5.951,0.000,2.708,3.243,11.8366,0.369894,0.130073,50.0,55.0,no
2025-10-08_14:35:37,tudor14-desktop,jetson-nano-4gb,32.7.6-20241104234540,nano-125m-f16,2,4,512,32,59,32,0.6306,1.6976,3.8024,3.7743,93.56,18.85,158,162,2094,5.895,0.000,2.667,3.228,12.1834,0.380731,0.133884,49.7,55.0,no
2025-10-08_14:35:47,tudor14-desktop,jetson-nano-4gb,32.7.6-20241104234540,nano-125m-f16,3,4,512,32,59,32,0.6264,1.7330,3.8384,3.8106,94.19,18.47,157,162,2104,5.863,0.000,2.649,3.214,12.2473,0.382728,0.134586,50.3,55.0,no
2025-10-08_14:35:57,tudor14-desktop,jetson-nano-4gb,32.7.6-20241104234540,nano-125m-f16,1,4,512,64,59,64,0.6935,3.3126,4.1938,5.4419,85.08,19.32,156,162,2102,6.342,0.000,2.688,3.654,19.8847,0.310698,0.161664,49.7,55.0,no
2025-10-08_14:36:08,tudor14-desktop,jetson-nano-4gb,32.7.6-20241104234540,nano-125m-f16,2,4,512,64,59,64,0.6223,3.3656,4.1805,5.4263,94.81,19.02,155,162,2100,6.321,0.000,2.746,3.575,19.3990,0.303109,0.157715,49.7,55.0,no
2025-10-08_14:36:19,tudor14-desktop,jetson-nano-4gb,32.7.6-20241104234540,nano-125m-f16,3,4,512,64,59,64,0.6766,3.2772,4.1348,5.3875,87.20,19.53,156,162,2106,6.310,0.000,2.707,3.603,19.4112,0.303300,0.157815,49.7,55.0,no
2025-10-08_14:36:33,tudor14-desktop,jetson-nano-4gb,32.7.6-20241104234540,nano-125m-f16,1,4,512,128,59,128,0.6422,6.7047,4.1212,8.7794,91.87,19.09,155,162,2106,6.453,0.000,2.668,3.785,33.2300,0.259609,0.177701,50.2,54.3,no
2025-10-08_14:36:48,tudor14-desktop,jetson-nano-4gb,32.7.6-20241104234540,nano-125m-f16,2,4,512,128,59,128,0.6936,6.7652,4.3007,8.8988,85.06,18.92,155,162,2103,6.542,0.000,2.744,3.798,33.7976,0.264044,0.180736,49.8,53.7,no
2025-10-08_14:37:02,tudor14-desktop,jetson-nano-4gb,32.7.6-20241104234540,nano-125m-f16,3,4,512,128,59,128,0.6347,6.6888,4.1209,8.7628,92.96,19.14,158,162,2103,6.480,0.000,2.668,3.812,33.4038,0.260967,0.178630,50.3,55.0,no
2025-10-08_14:37:12,tudor14-desktop,jetson-nano-4gb,32.7.6-20241104234540,nano-125m-f16,1,4,1024,32,130,32,1.4598,1.7120,4.6371,4.6100,89.05,18.69,157,162,2102,6.138,0.000,2.728,3.410,15.7201,0.491253,0.097038,50.0,55.0,no
2025-10-08_14:37:22,tudor14-desktop,jetson-nano-4gb,32.7.6-20241104234540,nano-125m-f16,2,4,1024,32,130,32,1.3972,1.6667,4.5259,4.4988,93.04,19.20,156,162,2097,6.154,0.000,2.667,3.487,15.6873,0.490228,0.096835,50.0,55.0,no
2025-10-08_14:37:32,tudor14-desktop,jetson-nano-4gb,32.7.6-20241104234540,nano-125m-f16,3,4,1024,32,130,32,1.3902,1.6137,4.4711,4.4441,93.51,19.83,159,162,2102,5.992,0.000,2.628,3.364,14.9500,0.467187,0.092284,50.5,55.0,no
2025-10-08_14:37:44,tudor14-desktop,jetson-nano-4gb,32.7.6-20241104234540,nano-125m-f16,1,4,1024,64,130,64,1.4482,3.5023,5.1165,6.4159,89.77,18.27,156,162,2102,6.437,0.000,2.708,3.729,23.9249,0.373827,0.123324,50.0,55.0,no
2025-10-08_14:37:56,tudor14-desktop,jetson-nano-4gb,32.7.6-20241104234540,nano-125m-f16,2,4,1024,64,130,64,1.3987,3.4655,4.9901,6.2982,92.94,18.47,156,162,2105,6.433,0.000,2.724,3.709,23.3600,0.365000,0.120412,49.8,54.7,no
2025-10-08_14:38:07,tudor14-desktop,jetson-nano-4gb,32.7.6-20241104234540,nano-125m-f16,3,4,1024,64,130,64,1.4012,3.4804,4.9901,6.3084,92.78,18.39,155,162,2103,6.441,0.000,2.707,3.734,23.5556,0.368056,0.121421,49.8,55.5,no
2025-10-08_14:38:23,tudor14-desktop,jetson-nano-4gb,32.7.6-20241104234540,nano-125m-f16,1,4,1024,128,130,128,1.4484,6.9152,5.0441,9.8185,89.75,18.51,157,162,2095,6.608,0.000,2.728,3.880,38.0958,0.297623,0.147658,50.6,54.0,no
2025-10-08_14:38:38,tudor14-desktop,jetson-nano-4gb,32.7.6-20241104234540,nano-125m-f16,2,4,1024,128,130,128,1.4355,6.8348,5.0452,9.7138,90.56,18.73,157,162,2095,6.548,0.000,2.688,3.860,37.4953,0.292932,0.145331,50.8,55.0,no
2025-10-08_14:38:53,tudor14-desktop,jetson-nano-4gb,32.7.6-20241104234540,nano-125m-f16,3,4,1024,128,130,128,1.4053,7.0109,5.0488,9.8500,92.51,18.26,157,162,2094,6.466,0.000,2.687,3.779,37.2231,0.290805,0.144276,52.0,56.0,no
2025-10-08_14:39:05,tudor14-desktop,jetson-nano-4gb,32.7.6-20241104234540,nano-125m-f16,1,4,2048,32,312,32,3.6027,1.7938,6.8596,6.8312,86.60,17.84,154,162,2098,6.272,0.000,2.727,3.545,24.2166,0.756769,0.070397,50.8,56.0,no
2025-10-08_14:39:18,tudor14-desktop,jetson-nano-4gb,32.7.6-20241104234540,nano-125m-f16,2,4,2048,32,312,32,3.6249,1.7515,6.8522,6.8237,86.07,18.27,156,162,2097,6.091,0.000,2.724,3.367,22.9754,0.717981,0.066789,50.7,56.0,no
2025-10-08_14:39:30,tudor14-desktop,jetson-nano-4gb,32.7.6-20241104234540,nano-125m-f16,3,4,2048,32,312,32,3.5826,1.7084,6.7462,6.7176,87.09,18.73,154,162,2098,6.264,0.000,2.704,3.560,23.9147,0.747334,0.069519,50.5,56.0,no
2025-10-08_14:39:44,tudor14-desktop,jetson-nano-4gb,32.7.6-20241104234540,nano-125m-f16,1,4,2048,64,312,64,3.5885,3.4569,7.1747,8.4815,86.94,18.51,158,162,2091,6.448,0.000,2.744,3.704,31.4155,0.490867,0.083552,50.7,55.3,no
2025-10-08_14:39:58,tudor14-desktop,jetson-nano-4gb,32.7.6-20241104234540,nano-125m-f16,2,4,2048,64,312,64,3.5851,3.3977,7.1646,8.4347,87.03,18.84,156,162,2093,6.305,0.000,2.708,3.597,30.3396,0.474056,0.080690,50.7,56.0,no
2025-10-08_14:40:12,tudor14-desktop,jetson-nano-4gb,32.7.6-20241104234540,nano-125m-f16,3,4,2048,64,312,64,3.6000,3.4020,7.1776,8.4299,86.67,18.81,160,162,2091,6.415,0.000,2.664,3.751,31.6206,0.494072,0.084097,51.0,56.0,no
2025-10-08_14:40:29,tudor14-desktop,jetson-nano-4gb,32.7.6-20241104234540,nano-125m-f16,1,4,2048,128,312,128,3.5830,7.1067,7.2345,12.1268,87.08,18.01,158,162,2093,6.570,0.000,2.724,3.846,46.6397,0.364373,0.105999,51.5,55.8,no
2025-10-08_14:40:47,tudor14-desktop,jetson-nano-4gb,32.7.6-20241104234540,nano-125m-f16,2,4,2048,128,312,128,3.6105,7.0423,7.2099,12.0929,86.41,18.18,158,162,2094,6.565,0.000,2.744,3.821,46.2070,0.360992,0.105016,52.5,56.7,no
2025-10-08_14:41:04,tudor14-desktop,jetson-nano-4gb,32.7.6-20241104234540,nano-125m-f16,3,4,2048,128,312,128,3.5880,7.2748,7.3292,12.2968,86.96,17.59,155,162,2097,6.529,0.000,2.724,3.805,46.7893,0.365541,0.106339,52.4,56.1,no
2025-10-08_14:41:21,tudor14-desktop,jetson-nano-4gb,32.7.6-20241104234540,nano-125m-f16,1,4,4096,32,659,32,8.3669,1.7571,11.5887,11.5555,78.76,18.21,156,162,2095,6.404,0.000,2.744,3.660,42.2931,1.321659,0.061206,52.2,57.0,no
2025-10-08_14:41:39,tudor14-desktop,jetson-nano-4gb,32.7.6-20241104234540,nano-125m-f16,2,4,4096,32,659,32,8.3078,1.7852,11.6855,11.6542,79.32,17.93,155,162,2097,6.481,0.000,2.724,3.757,43.7848,1.368275,0.063364,52.0,56.8,no
2025-10-08_14:41:56,tudor14-desktop,jetson-nano-4gb,32.7.6-20241104234540,nano-125m-f16,3,4,4096,32,659,32,8.3310,1.8038,11.6087,11.5752,79.10,17.74,156,164,2096,6.413,0.000,2.724,3.689,42.7009,1.334403,0.061796,52.2,57.0,no
2025-10-08_14:42:14,tudor14-desktop,jetson-nano-4gb,32.7.6-20241104234540,nano-125m-f16,1,4,4096,64,659,64,8.3002,3.5816,11.9696,13.3130,79.40,17.87,155,164,2104,6.499,0.000,2.841,3.658,48.6990,0.760922,0.067357,53.3,57.5,no
2025-10-08_14:42:33,tudor14-desktop,jetson-nano-4gb,32.7.6-20241104234540,nano-125m-f16,2,4,4096,64,659,64,8.3106,3.6746,12.0476,13.4203,79.30,17.42,152,164,2104,6.508,0.000,2.744,3.764,50.5140,0.789281,0.069867,53.4,57.4,no
2025-10-08_14:42:52,tudor14-desktop,jetson-nano-4gb,32.7.6-20241104234540,nano-125m-f16,3,4,4096,64,659,64,8.3849,3.5718,12.0329,13.3954,78.59,17.92,156,164,2096,6.490,0.000,2.764,3.726,49.9113,0.779864,0.069034,53.0,57.7,no
2025-10-08_14:43:15,tudor14-desktop,jetson-nano-4gb,32.7.6-20241104234540,nano-125m-f16,1,4,4096,128,659,128,8.2907,7.5044,12.0269,17.2259,79.49,17.06,151,164,2100,6.618,0.000,2.744,3.874,66.7331,0.521352,0.084794,53.6,57.4,no
2025-10-08_14:43:38,tudor14-desktop,jetson-nano-4gb,32.7.6-20241104234540,nano-125m-f16,2,4,4096,128,659,128,8.3074,7.5387,11.9859,17.2775,79.33,16.98,156,164,2095,6.609,0.000,2.724,3.885,67.1231,0.524399,0.085290,54.4,58.6,no
2025-10-08_14:44:00,tudor14-desktop,jetson-nano-4gb,32.7.6-20241104234540,nano-125m-f16,3,4,4096,128,659,128,8.3494,7.5190,12.1287,17.3068,78.93,17.02,153,164,2091,6.505,0.000,2.804,3.701,64.0525,0.500410,0.081388,54.7,58.3,no
2025-10-08_14:44:14,tudor14-desktop,jetson-nano-4gb,32.7.6-20241104234540,nano-260m-q5,1,2,512,32,59,32,3.8780,2.7027,8.5526,8.5220,15.21,11.84,153,164,2089,5.003,0.000,2.784,2.219,18.9103,0.590947,0.207805,52.8,57.8,no
2025-10-08_14:44:28,tudor14-desktop,jetson-nano-4gb,32.7.6-20241104234540,nano-260m-q5,2,2,512,32,59,32,3.9105,2.6767,7.7952,7.7664,15.09,11.96,156,164,2092,5.078,0.000,2.804,2.274,17.6608,0.551900,0.194075,53.2,57.4,no
2025-10-08_14:44:41,tudor14-desktop,jetson-nano-4gb,32.7.6-20241104234540,nano-260m-q5,3,2,512,32,59,32,3.8996,2.7429,8.1131,8.0830,15.13,11.67,152,164,2098,5.137,0.000,2.724,2.413,19.5043,0.609509,0.214333,52.4,57.3,no
2025-10-08_14:44:57,tudor14-desktop,jetson-nano-4gb,32.7.6-20241104234540,nano-260m-q5,1,2,512,64,59,64,3.8815,5.5246,8.5927,10.5886,15.20,11.58,156,164,2092,5.197,0.000,2.744,2.453,25.9738,0.405841,0.211169,52.4,57.2,no
2025-10-08_14:45:13,tudor14-desktop,jetson-nano-4gb,32.7.6-20241104234540,nano-260m-q5,2,2,512,64,59,64,3.8839,5.4888,8.5491,10.5389,15.19,11.66,156,164,2093,5.198,0.000,2.764,2.434,25.6517,0.400808,0.208550,52.8,56.6,no
2025-10-08_14:45:29,tudor14-desktop,jetson-nano-4gb,32.7.6-20241104234540,nano-260m-q5,3,2,512,64,59,64,3.9217,5.4862,8.8558,10.8461,15.04,11.67,158,164,2092,5.174,0.000,2.744,2.430,26.3560,0.411813,0.214276,52.5,57.3,no
2025-10-08_14:45:51,tudor14-desktop,jetson-nano-4gb,32.7.6-20241104234540,nano-260m-q5,1,2,512,128,59,128,3.8956,11.1468,8.8208,16.4843,15.15,11.48,156,164,2095,5.282,0.000,2.744,2.538,41.8372,0.326853,0.223728,52.7,56.6,no
2025-10-08_14:46:13,tudor14-desktop,jetson-nano-4gb,32.7.6-20241104234540,nano-260m-q5,2,2,512,128,59,128,3.9236,11.1570,8.5896,16.2497,15.04,11.47,159,164,2086,5.270,0.000,2.704,2.566,41.6967,0.325755,0.222977,52.7,56.3,no
2025-10-08_14:46:35,tudor14-desktop,jetson-nano-4gb,32.7.6-20241104234540,nano-260m-q5,3,2,512,128,59,128,3.9286,11.1093,8.8416,16.4737,15.02,11.52,155,164,2090,5.280,0.000,2.744,2.536,41.7773,0.326385,0.223408,52.6,57.1,no
2025-10-08_14:46:53,tudor14-desktop,jetson-nano-4gb,32.7.6-20241104234540,nano-260m-q5,1,2,1024,32,130,32,8.7970,2.7726,13.0183,12.9912,14.78,11.54,156,164,2094,4.997,0.000,2.744,2.253,29.2692,0.914663,0.180674,53.0,56.7,no
2025-10-08_14:47:12,tudor14-desktop,jetson-nano-4gb,32.7.6-20241104234540,nano-260m-q5,2,2,1024,32,130,32,8.8943,2.7417,13.0955,13.0684,14.62,11.67,158,164,2081,4.982,0.000,2.724,2.258,29.5084,0.922138,0.182151,52.5,56.3,no
2025-10-08_14:47:31,tudor14-desktop,jetson-nano-4gb,32.7.6-20241104234540,nano-260m-q5,3,2,1024,32,130,32,8.8695,2.7738,13.1068,13.0766,14.66,11.54,157,164,2080,5.001,0.000,2.727,2.274,29.7362,0.929256,0.183557,52.0,55.9,no
2025-10-08_14:47:52,tudor14-desktop,jetson-nano-4gb,32.7.6-20241104234540,nano-260m-q5,1,2,1024,64,130,64,8.8939,5.6892,13.6997,15.7505,14.62,11.25,159,164,2081,5.069,0.000,2.744,2.325,36.6199,0.572186,0.188762,52.0,56.3,no
2025-10-08_14:48:13,tudor14-desktop,jetson-nano-4gb,32.7.6-20241104234540,nano-260m-q5,2,2,1024,64,130,64,8.7996,5.6409,13.8228,15.8687,14.77,11.35,156,164,2084,5.068,0.000,2.746,2.322,36.8471,0.575736,0.189934,51.6,56.5,no
2025-10-08_14:48:34,tudor14-desktop,jetson-nano-4gb,32.7.6-20241104234540,nano-260m-q5,3,2,1024,64,130,64,8.8759,5.6029,13.6231,15.6516,14.65,11.42,159,164,2080,5.101,0.000,2.747,2.354,36.8439,0.575686,0.189917,51.6,55.6,no
2025-10-08_14:49:01,tudor14-desktop,jetson-nano-4gb,32.7.6-20241104234540,nano-260m-q5,1,2,1024,128,130,128,8.8970,11.4603,13.6395,21.5217,14.61,11.17,157,164,2080,5.145,0.000,2.724,2.421,52.1040,0.407062,0.201953,51.6,56.4,no
2025-10-08_14:49:28,tudor14-desktop,jetson-nano-4gb,32.7.6-20241104234540,nano-260m-q5,2,2,1024,128,130,128,8.7854,11.4683,13.5552,21.4146,14.80,11.16,155,164,2090,5.204,0.000,2.727,2.477,53.0440,0.414406,0.205597,51.7,56.2,no
2025-10-08_14:49:55,tudor14-desktop,jetson-nano-4gb,32.7.6-20241104234540,nano-260m-q5,3,2,1024,128,130,128,8.8920,11.5217,13.9192,21.8468,14.62,11.11,159,164,2079,5.153,0.000,2.727,2.426,53.0003,0.414065,0.205428,51.7,56.2,no
2025-10-08_14:50:27,tudor14-desktop,jetson-nano-4gb,32.7.6-20241104234540,nano-260m-q5,1,2,2048,32,312,32,22.1866,2.9313,26.6013,26.5683,14.06,10.92,160,164,2071,4.948,0.000,2.728,2.220,58.9816,1.843175,0.171458,51.8,55.8,no
2025-10-08_14:51:00,tudor14-desktop,jetson-nano-4gb,32.7.6-20241104234540,nano-260m-q5,2,2,2048,32,312,32,22.2622,3.1620,26.8917,26.8601,14.01,10.12,157,164,2076,4.980,0.000,2.744,2.236,60.0592,1.876850,0.174591,51.6,56.0,no
2025-10-08_14:51:32,tudor14-desktop,jetson-nano-4gb,32.7.6-20241104234540,nano-260m-q5,3,2,2048,32,312,32,22.0480,2.9185,26.4342,26.4050,14.15,10.96,155,164,2083,4.989,0.000,2.746,2.243,59.2264,1.850825,0.172170,51.7,55.7,no
2025-10-08_14:52:07,tudor14-desktop,jetson-nano-4gb,32.7.6-20241104234540,nano-260m-q5,1,2,2048,64,312,64,22.0468,6.0487,27.2392,29.5253,14.15,10.58,159,164,2078,4.996,0.000,2.744,2.252,66.4910,1.038922,0.176838,51.8,55.9,no
2025-10-08_14:52:42,tudor14-desktop,jetson-nano-4gb,32.7.6-20241104234540,nano-260m-q5,2,2,2048,64,312,64,22.1599,6.0843,27.3557,29.6664,14.08,10.52,157,164,2077,4.977,0.000,2.744,2.233,66.2451,1.035080,0.176184,51.8,56.1,no
2025-10-08_14:53:17,tudor14-desktop,jetson-nano-4gb,32.7.6-20241104234540,nano-260m-q5,3,2,2048,64,312,64,22.4642,6.0796,27.7678,29.9749,13.89,10.53,160,164,2077,4.981,0.000,2.744,2.237,67.0539,1.047717,0.178335,51.9,57.0,no
2025-10-08_14:53:58,tudor14-desktop,jetson-nano-4gb,32.7.6-20241104234540,nano-260m-q5,1,2,2048,128,312,128,22.0483,12.2024,27.2964,35.6892,14.15,10.49,155,164,2081,5.052,0.000,2.746,2.306,82.2993,0.642963,0.187044,52.2,55.8,no
2025-10-08_14:54:39,tudor14-desktop,jetson-nano-4gb,32.7.6-20241104234540,nano-260m-q5,2,2,2048,128,312,128,22.0973,12.1821,27.2560,35.7221,14.12,10.51,156,164,2081,5.066,0.000,2.724,2.342,83.6612,0.653603,0.190139,52.3,56.1,no
2025-10-08_14:55:21,tudor14-desktop,jetson-nano-4gb,32.7.6-20241104234540,nano-260m-q5,3,2,2048,128,312,128,22.1650,12.4968,27.4716,36.1100,14.08,10.24,154,164,2080,5.075,0.000,2.707,2.368,85.5085,0.668035,0.194337,52.1,56.6,no
2025-10-08_14:56:21,tudor14-desktop,jetson-nano-4gb,32.7.6-20241104234540,nano-260m-q5,1,2,4096,32,659,32,50.1527,3.2807,54.9118,54.8805,13.14,9.75,153,164,2082,4.922,0.000,2.744,2.178,119.5297,3.735303,0.172981,52.1,56.5,no
2025-10-08_14:57:22,tudor14-desktop,jetson-nano-4gb,32.7.6-20241104234540,nano-260m-q5,2,2,4096,32,659,32,50.2325,3.2888,54.9980,54.9648,13.12,9.73,155,164,2079,4.911,0.000,2.784,2.127,116.9101,3.653441,0.169190,52.0,56.7,no
2025-10-08_14:58:22,tudor14-desktop,jetson-nano-4gb,32.7.6-20241104234540,nano-260m-q5,3,2,4096,32,659,32,50.4666,3.2791,55.2095,55.1781,13.06,9.76,153,164,2086,4.866,0.000,2.707,2.159,119.1295,3.722797,0.172402,51.9,57.8,no
2025-10-08_14:59:26,tudor14-desktop,jetson-nano-4gb,32.7.6-20241104234540,nano-260m-q5,1,2,4096,64,659,64,50.2316,6.8281,56.0446,58.5421,13.12,9.37,155,164,2075,4.920,0.000,2.744,2.176,127.3876,1.990431,0.176193,52.7,56.3,no
2025-10-08_15:00:30,tudor14-desktop,jetson-nano-4gb,32.7.6-20241104234540,nano-260m-q5,2,2,4096,64,659,64,50.2980,6.7878,56.0705,58.5332,13.10,9.43,154,164,2085,4.934,0.000,2.708,2.226,130.2949,2.035858,0.180214,52.2,57.6,no
2025-10-08_15:01:35,tudor14-desktop,jetson-nano-4gb,32.7.6-20241104234540,nano-260m-q5,3,2,4096,64,659,64,50.4728,6.8672,56.2833,58.7818,13.06,9.32,157,164,2082,4.912,0.000,2.687,2.225,130.7895,2.043586,0.180898,52.8,56.5,no
2025-10-08_15:02:45,tudor14-desktop,jetson-nano-4gb,32.7.6-20241104234540,nano-260m-q5,1,2,4096,128,659,128,49.9467,13.7974,55.7043,65.1980,13.19,9.28,154,164,2078,4.994,0.000,2.804,2.190,142.7836,1.115497,0.181428,52.9,56.1,no
2025-10-08_15:03:57,tudor14-desktop,jetson-nano-4gb,32.7.6-20241104234540,nano-260m-q5,2,2,4096,128,659,128,50.5695,13.8633,56.3766,65.8805,13.03,9.23,156,164,2080,4.961,0.000,2.727,2.234,147.1770,1.149820,0.187010,53.0,57.6,no
2025-10-08_15:05:09,tudor14-desktop,jetson-nano-4gb,32.7.6-20241104234540,nano-260m-q5,3,2,4096,128,659,128,50.6860,14.5118,56.6366,66.6186,13.00,8.82,155,164,2076,4.950,0.000,2.784,2.166,144.2959,1.127312,0.183349,52.7,56.9,no
2025-10-08_15:05:19,tudor14-desktop,jetson-nano-4gb,32.7.6-20241104234540,nano-260m-q5,1,4,512,32,59,32,2.0134,1.7582,4.9811,4.9523,29.30,18.20,154,164,2067,6.282,0.000,2.744,3.538,17.5212,0.547538,0.192541,0.0,58.5,no
2025-10-08_15:05:30,tudor14-desktop,jetson-nano-4gb,32.7.6-20241104234540,nano-260m-q5,2,4,512,32,59,32,2.0070,1.7726,4.9909,4.9584,29.40,18.05,155,164,2065,6.179,0.000,3.715,2.464,12.2175,0.381797,0.134258,51.0,57.0,no
2025-10-08_15:05:40,tudor14-desktop,jetson-nano-4gb,32.7.6-20241104234540,nano-260m-q5,3,4,512,32,59,32,2.0576,1.8196,5.0803,5.0475,28.67,17.59,154,164,2075,6.130,0.000,3.635,2.495,12.5935,0.393547,0.138390,54.0,58.5,no
2025-10-08_15:05:53,tudor14-desktop,jetson-nano-4gb,32.7.6-20241104234540,nano-260m-q5,1,4,512,64,59,64,2.0527,3.8224,5.8736,7.3076,28.74,16.74,157,164,2072,6.641,0.000,3.672,2.969,21.6963,0.339005,0.176393,53.5,57.0,no
2025-10-08_15:06:05,tudor14-desktop,jetson-nano-4gb,32.7.6-20241104234540,nano-260m-q5,2,4,512,64,59,64,2.0071,3.6462,5.7197,7.1015,29.40,17.55,153,164,2077,6.700,0.000,2.704,3.996,28.3776,0.443400,0.230712,53.0,57.8,no
2025-10-08_15:06:18,tudor14-desktop,jetson-nano-4gb,32.7.6-20241104234540,nano-260m-q5,3,4,512,64,59,64,2.0167,3.7341,5.7981,7.1868,29.26,17.14,153,164,2076,6.700,0.000,2.784,3.916,28.1435,0.439742,0.228809,52.8,59.0,no
2025-10-08_15:06:34,tudor14-desktop,jetson-nano-4gb,32.7.6-20241104234540,nano-260m-q5,1,4,512,128,59,128,1.9921,7.4784,5.5269,10.6568,29.62,17.12,153,164,2076,6.867,0.000,2.724,4.143,44.1511,0.344930,0.236102,54.3,58.0,no
2025-10-08_15:06:51,tudor14-desktop,jetson-nano-4gb,32.7.6-20241104234540,nano-260m-q5,2,4,512,128,59,128,2.0496,7.6037,5.9854,11.0958,28.79,16.83,157,164,2073,6.701,0.000,2.724,3.977,44.1280,0.344750,0.235979,53.7,59.0,no
2025-10-08_15:07:07,tudor14-desktop,jetson-nano-4gb,32.7.6-20241104234540,nano-260m-q5,3,4,512,128,59,128,2.0569,7.5100,5.8512,10.9998,28.68,17.04,157,164,2072,6.888,0.000,2.744,4.144,45.5832,0.356119,0.243760,53.9,58.2,no
2025-10-08_15:07:20,tudor14-desktop,jetson-nano-4gb,32.7.6-20241104234540,nano-260m-q5,1,4,1024,32,130,32,4.5297,1.7700,7.7635,7.7372,28.70,18.08,158,164,2072,6.728,0.000,2.784,3.944,30.5155,0.953609,0.188367,53.5,58.4,no
2025-10-08_15:07:34,tudor14-desktop,jetson-nano-4gb,32.7.6-20241104234540,nano-260m-q5,2,4,1024,32,130,32,4.5368,1.7736,7.7856,7.7576,28.65,18.04,155,164,2074,6.726,0.000,2.724,4.002,31.0459,0.970184,0.191641,53.2,59.5,no
2025-10-08_15:07:47,tudor14-desktop,jetson-nano-4gb,32.7.6-20241104234540,nano-260m-q5,3,4,1024,32,130,32,4.5441,1.9148,7.6721,7.6437,28.61,16.71,154,164,2065,6.653,0.000,2.764,3.889,29.7263,0.928947,0.183496,54.0,59.4,no
2025-10-08_15:08:02,tudor14-desktop,jetson-nano-4gb,32.7.6-20241104234540,nano-260m-q5,1,4,1024,64,130,64,4.5222,3.5796,8.2540,9.5514,28.75,17.88,155,164,2074,6.858,0.000,3.486,3.372,32.2073,0.503239,0.166017,53.0,59.7,no
2025-10-08_15:08:17,tudor14-desktop,jetson-nano-4gb,32.7.6-20241104234540,nano-260m-q5,2,4,1024,64,130,64,4.5672,3.6793,8.3276,9.6790,28.46,17.39,156,164,2072,6.808,0.000,2.764,4.044,39.1419,0.611592,0.201762,54.0,58.0,no
2025-10-08_15:08:32,tudor14-desktop,jetson-nano-4gb,32.7.6-20241104234540,nano-260m-q5,3,4,1024,64,130,64,4.5189,3.6411,8.2313,9.6034,28.77,17.58,159,164,2070,6.719,0.000,2.744,3.975,38.1735,0.596461,0.196771,54.4,58.0,no
2025-10-08_15:08:51,tudor14-desktop,jetson-nano-4gb,32.7.6-20241104234540,nano-260m-q5,1,4,1024,128,130,128,4.5667,7.5819,8.4184,13.5712,28.47,16.88,157,164,2073,6.887,0.000,2.784,4.103,55.6826,0.435020,0.215824,54.5,59.4,no
2025-10-08_15:09:10,tudor14-desktop,jetson-nano-4gb,32.7.6-20241104234540,nano-260m-q5,2,4,1024,128,130,128,4.5797,7.8615,8.3336,13.8853,28.39,16.28,158,164,2071,6.896,0.000,2.784,4.112,57.0964,0.446066,0.221304,54.4,59.7,no
2025-10-08_15:09:29,tudor14-desktop,jetson-nano-4gb,32.7.6-20241104234540,nano-260m-q5,3,4,1024,128,130,128,4.5095,7.6269,8.2995,13.5616,28.83,16.78,156,164,2071,6.942,0.000,2.764,4.178,56.6604,0.442659,0.219614,55.2,59.0,no
2025-10-08_15:09:49,tudor14-desktop,jetson-nano-4gb,32.7.6-20241104234540,nano-260m-q5,1,4,2048,32,312,32,11.3570,1.9585,14.7809,14.7530,27.47,16.34,160,164,2068,6.845,0.000,2.784,4.061,59.9119,1.872247,0.174162,54.8,60.9,no
2025-10-08_15:10:09,tudor14-desktop,jetson-nano-4gb,32.7.6-20241104234540,nano-260m-q5,2,4,2048,32,312,32,11.3571,1.9392,14.5692,14.5404,27.47,16.50,157,164,2071,6.841,0.000,2.784,4.057,58.9904,1.843450,0.171484,55.7,60.0,no
2025-10-08_15:10:30,tudor14-desktop,jetson-nano-4gb,32.7.6-20241104234540,nano-260m-q5,3,4,2048,32,312,32,11.4031,1.9703,14.8282,14.7959,27.36,16.24,157,164,2067,6.886,0.000,3.671,3.215,47.5688,1.486525,0.138281,56.2,60.2,no
2025-10-08_15:10:52,tudor14-desktop,jetson-nano-4gb,32.7.6-20241104234540,nano-260m-q5,1,4,2048,64,312,64,11.3556,3.9062,15.0559,16.4408,27.48,16.38,158,164,2065,6.899,0.000,2.801,4.098,67.3744,1.052725,0.179187,56.3,60.8,no
2025-10-08_15:11:14,tudor14-desktop,jetson-nano-4gb,32.7.6-20241104234540,nano-260m-q5,2,4,2048,64,312,64,11.3823,3.9271,15.2684,16.7830,27.41,16.30,156,164,2071,6.949,0.000,3.748,3.201,53.7224,0.839413,0.142879,57.0,61.3,no
2025-10-08_15:11:36,tudor14-desktop,jetson-nano-4gb,32.7.6-20241104234540,nano-260m-q5,3,4,2048,64,312,64,11.3175,3.9012,14.9989,16.4740,27.57,16.41,160,164,2060,6.889,0.000,2.761,4.128,68.0047,1.062573,0.180864,56.7,61.6,no
2025-10-08_15:12:02,tudor14-desktop,jetson-nano-4gb,32.7.6-20241104234540,nano-260m-q5,1,4,2048,128,312,128,11.3960,8.1629,15.3250,20.9837,27.38,15.68,157,164,2067,6.939,0.000,3.768,3.171,66.5393,0.519838,0.151226,57.4,62.2,no
2025-10-08_15:12:29,tudor14-desktop,jetson-nano-4gb,32.7.6-20241104234540,nano-260m-q5,2,4,2048,128,312,128,11.3960,8.2994,15.4398,21.1254,27.38,15.42,153,164,2073,6.996,0.000,2.801,4.195,88.6211,0.692352,0.201412,57.7,62.4,no
2025-10-08_15:12:55,tudor14-desktop,jetson-nano-4gb,32.7.6-20241104234540,nano-260m-q5,3,4,2048,128,312,128,11.3470,7.9632,14.8973,20.4876,27.50,16.07,156,164,2068,6.982,0.000,2.799,4.183,85.6996,0.669528,0.194772,58.2,62.9,no
2025-10-08_15:13:29,tudor14-desktop,jetson-nano-4gb,32.7.6-20241104234540,nano-260m-q5,1,4,4096,32,659,32,25.7688,2.1808,29.4261,29.3955,25.57,14.67,158,164,2052,6.942,0.000,3.771,3.171,93.2131,2.912909,0.134896,58.6,63.5,no
2025-10-08_15:14:04,tudor14-desktop,jetson-nano-4gb,32.7.6-20241104234540,nano-260m-q5,2,4,4096,32,659,32,25.6464,2.1138,29.2215,29.1907,25.70,15.14,154,164,2063,6.996,0.000,2.799,4.197,122.5134,3.828544,0.177299,59.0,63.7,no
2025-10-08_15:14:39,tudor14-desktop,jetson-nano-4gb,32.7.6-20241104234540,nano-260m-q5,3,4,4096,32,659,32,25.7245,2.2327,29.4388,29.4068,25.62,14.33,154,164,2063,6.979,0.000,2.819,4.160,122.3323,3.822884,0.177037,59.5,64.3,no
2025-10-08_15:15:16,tudor14-desktop,jetson-nano-4gb,32.7.6-20241104234540,nano-260m-q5,1,4,4096,64,659,64,25.8551,4.3597,30.0802,31.6617,25.49,14.68,156,164,2065,6.996,0.000,2.859,4.137,130.9845,2.046633,0.181168,59.9,64.6,no
2025-10-08_15:15:53,tudor14-desktop,jetson-nano-4gb,32.7.6-20241104234540,nano-260m-q5,2,4,4096,64,659,64,25.6950,4.4804,29.9683,31.6115,25.65,14.28,154,164,2063,7.044,0.000,2.839,4.205,132.9264,2.076975,0.183854,60.5,65.1,no
2025-10-08_15:16:30,tudor14-desktop,jetson-nano-4gb,32.7.6-20241104234540,nano-260m-q5,3,4,4096,64,659,64,25.7045,4.3267,29.6905,31.2171,25.64,14.79,158,164,2058,7.004,0.000,2.839,4.165,130.0192,2.031550,0.179833,60.5,65.5,no
2025-10-08_15:17:12,tudor14-desktop,jetson-nano-4gb,32.7.6-20241104234540,nano-260m-q5,1,4,4096,128,659,128,25.7606,9.4475,30.2738,36.6422,25.58,13.55,155,164,2060,7.044,0.000,3.764,3.280,120.1864,0.938956,0.152715,61.3,65.9,no
2025-10-08_15:17:53,tudor14-desktop,jetson-nano-4gb,32.7.6-20241104234540,nano-260m-q5,2,4,4096,128,659,128,25.6942,8.9168,29.6542,35.8196,25.65,14.35,155,164,2060,7.059,0.000,2.839,4.220,151.1587,1.180927,0.192070,61.7,66.2,no
2025-10-08_15:18:35,tudor14-desktop,jetson-nano-4gb,32.7.6-20241104234540,nano-260m-q5,3,4,4096,128,659,128,25.6946,9.0429,29.6767,35.9364,25.65,14.15,155,164,2051,7.013,0.000,3.764,3.249,116.7574,0.912167,0.148358,61.7,67.0,no
2025-10-08_15:18:52,tudor14-desktop,jetson-nano-4gb,32.7.6-20241104234540,nano-260m-f16,1,2,512,32,59,32,2.7024,4.9627,12.1535,12.1207,21.83,6.45,155,164,2064,4.912,0.000,3.655,1.257,15.2357,0.476116,0.167425,60.1,64.0,no
2025-10-08_15:19:08,tudor14-desktop,jetson-nano-4gb,32.7.6-20241104234540,nano-260m-f16,2,2,512,32,59,32,2.7363,5.0600,10.2825,10.2517,21.56,6.32,156,164,2062,5.023,0.000,2.859,2.164,22.1847,0.693272,0.243788,59.2,64.2,no
2025-10-08_15:19:22,tudor14-desktop,jetson-nano-4gb,32.7.6-20241104234540,nano-260m-f16,3,2,512,32,59,32,2.7126,4.9820,8.9042,8.8739,21.75,6.42,157,164,2062,5.296,0.000,3.686,1.610,14.2870,0.446469,0.157000,60.0,63.7,no
2025-10-08_15:19:42,tudor14-desktop,jetson-nano-4gb,32.7.6-20241104234540,nano-260m-f16,1,2,512,64,59,64,2.7094,10.2443,10.8333,14.7332,21.78,6.25,155,164,2073,5.317,0.000,3.705,1.612,23.7499,0.371092,0.193089,59.0,63.5,no
2025-10-08_15:20:03,tudor14-desktop,jetson-nano-4gb,32.7.6-20241104234540,nano-260m-f16,2,2,512,64,59,64,2.7190,10.1992,11.1154,14.9881,21.70,6.28,159,165,2060,5.141,0.000,2.819,2.322,34.8024,0.543787,0.282946,58.3,62.8,no
2025-10-08_15:20:22,tudor14-desktop,jetson-nano-4gb,32.7.6-20241104234540,nano-260m-f16,3,2,512,64,59,64,2.7148,10.2358,10.2388,14.1418,21.73,6.25,156,165,2063,5.349,0.000,3.705,1.644,23.2491,0.363267,0.189017,58.5,62.5,no
2025-10-08_15:20:52,tudor14-desktop,jetson-nano-4gb,32.7.6-20241104234540,nano-260m-f16,1,2,512,128,59,128,2.7166,20.6352,10.2319,24.5438,21.72,6.20,158,165,2061,5.373,0.000,3.725,1.648,40.4482,0.316002,0.216301,57.7,61.4,no
2025-10-08_15:21:22,tudor14-desktop,jetson-nano-4gb,32.7.6-20241104234540,nano-260m-f16,2,2,512,128,59,128,2.7384,20.6910,10.3052,24.6267,21.55,6.19,156,165,2062,5.351,0.000,3.745,1.606,39.5505,0.308988,0.211500,57.8,61.5,no
2025-10-08_15:21:52,tudor14-desktop,jetson-nano-4gb,32.7.6-20241104234540,nano-260m-f16,3,2,512,128,59,128,2.7143,20.7122,10.2012,24.5992,21.74,6.18,156,165,2067,5.359,0.000,3.728,1.631,40.1213,0.313448,0.214552,58.0,61.8,no
2025-10-08_15:22:10,tudor14-desktop,jetson-nano-4gb,32.7.6-20241104234540,nano-260m-f16,1,2,1024,32,130,32,6.2584,5.0712,12.5693,12.5381,20.77,6.31,156,165,2062,5.119,0.000,3.804,1.315,16.4876,0.515238,0.101775,56.4,59.7,no
2025-10-08_15:22:29,tudor14-desktop,jetson-nano-4gb,32.7.6-20241104234540,nano-260m-f16,2,2,1024,32,130,32,6.2359,5.1206,13.0577,13.0265,20.85,6.25,157,165,2070,5.110,0.000,3.593,1.517,19.7612,0.617537,0.121983,56.3,60.9,no
2025-10-08_15:22:47,tudor14-desktop,jetson-nano-4gb,32.7.6-20241104234540,nano-260m-f16,3,2,1024,32,130,32,6.2629,5.0757,12.8729,12.8459,20.76,6.30,155,165,2072,5.101,0.000,2.784,2.317,29.7640,0.930125,0.183728,56.2,60.8,no
2025-10-08_15:23:10,tudor14-desktop,jetson-nano-4gb,32.7.6-20241104234540,nano-260m-f16,1,2,1024,64,130,64,6.2431,10.3029,13.8183,17.7247,20.82,6.21,158,165,2069,5.200,0.000,3.438,1.762,31.2309,0.487983,0.160984,56.0,59.0,no
2025-10-08_15:23:33,tudor14-desktop,jetson-nano-4gb,32.7.6-20241104234540,nano-260m-f16,2,2,1024,64,130,64,6.2706,10.3477,13.8767,17.8045,20.73,6.18,157,165,2069,5.165,0.000,3.553,1.612,28.7009,0.448452,0.147943,55.8,59.9,no
2025-10-08_15:23:57,tudor14-desktop,jetson-nano-4gb,32.7.6-20241104234540,nano-260m-f16,3,2,1024,64,130,64,6.2689,10.3933,13.8921,17.8466,20.74,6.16,155,165,2063,5.151,0.000,3.571,1.580,28.1976,0.440588,0.145348,56.0,60.3,no
2025-10-08_15:24:30,tudor14-desktop,jetson-nano-4gb,32.7.6-20241104234540,nano-260m-f16,1,2,1024,128,130,128,6.2251,20.9218,13.8028,28.3220,20.88,6.12,158,165,2060,5.261,0.000,3.668,1.593,45.1169,0.352476,0.174872,55.9,59.2,no
2025-10-08_15:25:04,tudor14-desktop,jetson-nano-4gb,32.7.6-20241104234540,nano-260m-f16,2,2,1024,128,130,128,6.2479,21.0176,13.8275,28.4352,20.81,6.09,155,165,2062,5.247,0.000,3.671,1.576,44.8139,0.350109,0.173697,55.6,59.6,no
2025-10-08_15:25:38,tudor14-desktop,jetson-nano-4gb,32.7.6-20241104234540,nano-260m-f16,3,2,1024,128,130,128,6.2276,20.8954,13.7997,28.3040,20.87,6.13,154,165,2063,5.271,0.000,3.632,1.639,46.3903,0.362424,0.179807,55.3,59.0,no
2025-10-08_15:26:06,tudor14-desktop,jetson-nano-4gb,32.7.6-20241104234540,nano-260m-f16,1,2,2048,32,312,32,16.0740,5.2341,22.5300,22.4982,19.41,6.11,151,165,2071,5.025,0.000,3.692,1.333,29.9901,0.937191,0.087181,54.9,58.8,no
2025-10-08_15:26:34,tudor14-desktop,jetson-nano-4gb,32.7.6-20241104234540,nano-260m-f16,2,2,2048,32,312,32,16.0934,5.3163,22.6140,22.5843,19.39,6.02,154,165,2059,4.970,0.000,3.494,1.476,33.3344,1.041700,0.096902,54.7,59.5,no
2025-10-08_15:27:02,tudor14-desktop,jetson-nano-4gb,32.7.6-20241104234540,nano-260m-f16,3,2,2048,32,312,32,16.0542,5.2172,22.4912,22.4554,19.43,6.13,151,165,2070,4.993,0.000,3.652,1.341,30.1127,0.941022,0.087537,54.6,58.1,no
2025-10-08_15:27:35,tudor14-desktop,jetson-nano-4gb,32.7.6-20241104234540,nano-260m-f16,1,2,2048,64,312,64,16.0519,10.8565,23.9401,28.0772,19.44,5.90,154,165,2061,5.020,0.000,3.612,1.408,39.5327,0.617698,0.105140,54.7,58.5,no
2025-10-08_15:28:09,tudor14-desktop,jetson-nano-4gb,32.7.6-20241104234540,nano-260m-f16,2,2,2048,64,312,64,16.1345,10.7414,23.9711,28.0766,19.34,5.96,151,165,2064,5.021,0.000,3.593,1.428,40.0934,0.626459,0.106631,53.9,58.7,no
2025-10-08_15:28:42,tudor14-desktop,jetson-nano-4gb,32.7.6-20241104234540,nano-260m-f16,3,2,2048,64,312,64,16.0577,10.7537,23.9252,28.0098,19.43,5.95,151,165,2064,5.050,0.000,3.632,1.418,39.7179,0.620592,0.105633,54.3,57.6,no
2025-10-08_15:29:27,tudor14-desktop,jetson-nano-4gb,32.7.6-20241104234540,nano-260m-f16,1,2,2048,128,312,128,16.1650,21.7255,24.0053,39.0777,19.30,5.89,152,165,2064,5.104,0.000,3.573,1.531,59.8280,0.467406,0.135973,53.9,58.6,no
2025-10-08_15:30:11,tudor14-desktop,jetson-nano-4gb,32.7.6-20241104234540,nano-260m-f16,2,2,2048,128,312,128,16.0542,21.5912,23.8531,38.8302,19.43,5.93,152,165,2061,5.133,0.000,3.592,1.541,59.8373,0.467479,0.135994,53.9,58.3,no
2025-10-08_15:30:55,tudor14-desktop,jetson-nano-4gb,32.7.6-20241104234540,nano-260m-f16,3,2,2048,128,312,128,16.1654,21.6124,23.9483,38.9620,19.30,5.92,154,165,2067,5.099,0.000,3.612,1.487,57.9365,0.452629,0.131674,53.9,57.7,no
2025-10-08_15:31:45,tudor14-desktop,jetson-nano-4gb,32.7.6-20241104234540,nano-260m-f16,1,2,4096,32,659,32,36.9825,5.6449,44.3392,44.2990,17.82,5.67,151,165,2065,4.881,0.000,3.692,1.189,52.6715,1.645984,0.076225,54.0,58.6,no
2025-10-08_15:32:34,tudor14-desktop,jetson-nano-4gb,32.7.6-20241104234540,nano-260m-f16,2,2,4096,32,659,32,36.7475,5.6041,43.8696,43.8379,17.93,5.71,153,165,2063,4.904,0.000,2.764,2.140,93.8131,2.931659,0.135764,53.8,57.4,no
2025-10-08_15:33:23,tudor14-desktop,jetson-nano-4gb,32.7.6-20241104234540,nano-260m-f16,3,2,4096,32,659,32,36.9439,5.6606,43.8224,43.7882,17.84,5.65,155,165,2060,4.875,0.000,3.652,1.223,53.5530,1.673531,0.077501,53.7,58.1,no
2025-10-08_15:34:18,tudor14-desktop,jetson-nano-4gb,32.7.6-20241104234540,nano-260m-f16,1,2,4096,64,659,64,36.8742,11.3675,45.1081,49.4220,17.87,5.63,154,165,2060,4.938,0.000,3.652,1.286,63.5567,0.993073,0.087907,53.8,57.1,no
2025-10-08_15:35:13,tudor14-desktop,jetson-nano-4gb,32.7.6-20241104234540,nano-260m-f16,2,2,4096,64,659,64,37.0162,11.4778,45.3249,49.6703,17.80,5.58,153,165,2059,4.946,0.000,3.592,1.354,67.2536,1.050838,0.093020,53.8,57.8,no
2025-10-08_15:36:08,tudor14-desktop,jetson-nano-4gb,32.7.6-20241104234540,nano-260m-f16,3,2,4096,64,659,64,36.8472,11.3671,45.0853,49.3996,17.88,5.63,152,165,2061,4.959,0.000,3.711,1.248,61.6507,0.963292,0.085271,53.9,57.3,no
2025-10-08_15:37:15,tudor14-desktop,jetson-nano-4gb,32.7.6-20241104234540,nano-260m-f16,1,2,4096,128,659,128,36.8488,23.2211,45.1121,61.2417,17.88,5.51,155,165,2057,5.024,0.000,3.593,1.431,87.6369,0.684663,0.111356,53.9,56.8,no
2025-10-08_15:38:21,tudor14-desktop,jetson-nano-4gb,32.7.6-20241104234540,nano-260m-f16,2,2,4096,128,659,128,36.7855,23.1107,45.0588,61.0710,17.91,5.54,150,165,2068,5.016,0.000,3.635,1.381,84.3391,0.658899,0.107165,53.9,57.4,no
2025-10-08_15:39:28,tudor14-desktop,jetson-nano-4gb,32.7.6-20241104234540,nano-260m-f16,3,2,4096,128,659,128,36.9984,23.1262,45.2798,61.3050,17.81,5.53,152,165,2067,5.014,0.000,3.579,1.435,87.9727,0.687287,0.111782,53.7,58.1,no
2025-10-08_15:39:40,tudor14-desktop,jetson-nano-4gb,32.7.6-20241104234540,nano-260m-f16,1,4,512,32,59,32,1.5483,3.3455,6.1199,6.0855,38.11,9.57,153,165,2051,6.410,0.000,3.652,2.758,16.7838,0.524494,0.184437,52.8,58.3,no
2025-10-08_15:39:51,tudor14-desktop,jetson-nano-4gb,32.7.6-20241104234540,nano-260m-f16,2,4,512,32,59,32,1.5494,3.5217,6.2998,6.2696,38.08,9.09,155,165,2056,6.333,0.000,3.731,2.602,16.3135,0.509797,0.179269,52.8,59.0,no
2025-10-08_15:40:03,tudor14-desktop,jetson-nano-4gb,32.7.6-20241104234540,nano-260m-f16,3,4,512,32,59,32,1.5752,3.3671,6.1544,6.1242,37.46,9.50,153,165,2052,6.462,0.000,3.596,2.866,17.5520,0.548500,0.192879,52.8,58.3,no
2025-10-08_15:40:18,tudor14-desktop,jetson-nano-4gb,32.7.6-20241104234540,nano-260m-f16,1,4,512,64,59,64,1.5988,6.7064,7.0071,9.5021,36.90,9.54,155,165,2061,6.635,0.000,3.692,2.943,27.9647,0.436948,0.227355,53.7,59.0,no
2025-10-08_15:40:33,tudor14-desktop,jetson-nano-4gb,32.7.6-20241104234540,nano-260m-f16,2,4,512,64,59,64,1.5524,6.9166,7.0705,9.6635,38.01,9.25,152,165,2068,6.551,0.000,3.421,3.130,30.2468,0.472606,0.245909,53.6,59.0,no
2025-10-08_15:40:48,tudor14-desktop,jetson-nano-4gb,32.7.6-20241104234540,nano-260m-f16,3,4,512,64,59,64,1.5486,6.8274,6.9951,9.5703,38.10,9.37,155,165,2064,6.535,0.000,3.497,3.038,29.0746,0.454291,0.236379,54.0,58.4,no
2025-10-08_15:41:11,tudor14-desktop,jetson-nano-4gb,32.7.6-20241104234540,nano-260m-f16,1,4,512,128,59,128,1.5214,14.2279,7.5233,17.4322,38.78,9.00,152,165,2073,6.788,0.000,3.554,3.234,56.3757,0.440435,0.301474,54.2,59.1,no
2025-10-08_15:41:33,tudor14-desktop,jetson-nano-4gb,32.7.6-20241104234540,nano-260m-f16,2,4,512,128,59,128,1.5335,13.8046,7.0597,16.5330,38.47,9.27,152,165,2069,6.722,0.000,2.784,3.938,65.1070,0.508648,0.348166,55.5,59.7,no
2025-10-08_15:41:55,tudor14-desktop,jetson-nano-4gb,32.7.6-20241104234540,nano-260m-f16,3,4,512,128,59,128,1.5580,13.8605,7.0534,16.6014,37.87,9.23,152,165,2068,6.704,0.000,3.592,3.112,51.6636,0.403622,0.276276,55.1,59.8,no
2025-10-08_15:42:08,tudor14-desktop,jetson-nano-4gb,32.7.6-20241104234540,nano-260m-f16,1,4,1024,32,130,32,3.5501,3.3253,8.0894,8.0616,36.62,9.62,157,165,2066,6.546,0.000,3.652,2.894,23.3303,0.729072,0.144014,55.3,60.0,no
2025-10-08_15:42:22,tudor14-desktop,jetson-nano-4gb,32.7.6-20241104234540,nano-260m-f16,2,4,1024,32,130,32,3.5374,3.4921,8.2725,8.2449,36.75,9.16,159,165,2052,6.515,0.000,3.381,3.134,25.8395,0.807484,0.159503,55.0,59.2,no
2025-10-08_15:42:35,tudor14-desktop,jetson-nano-4gb,32.7.6-20241104234540,nano-260m-f16,3,4,1024,32,130,32,3.5142,3.4622,8.2086,8.1750,36.99,9.24,162,165,2052,6.502,0.000,3.712,2.790,22.8083,0.712759,0.140792,55.0,59.0,no
2025-10-08_15:42:52,tudor14-desktop,jetson-nano-4gb,32.7.6-20241104234540,nano-260m-f16,1,4,1024,64,130,64,3.5010,6.8851,9.0381,11.5747,37.13,9.30,164,166,2052,6.653,0.000,3.712,2.941,34.0412,0.531894,0.175470,55.7,59.8,no
2025-10-08_15:43:09,tudor14-desktop,jetson-nano-4gb,32.7.6-20241104234540,nano-260m-f16,2,4,1024,64,130,64,3.4824,6.7993,8.9384,11.4680,37.33,9.41,161,167,2058,6.518,0.000,3.671,2.847,32.6494,0.510147,0.168296,55.5,59.0,no
2025-10-08_15:43:26,tudor14-desktop,jetson-nano-4gb,32.7.6-20241104234540,nano-260m-f16,3,4,1024,64,130,64,3.4981,6.8877,8.9118,11.5975,37.16,9.29,169,174,2044,6.662,0.000,3.514,3.148,36.5089,0.570452,0.188190,54.8,60.0,no
2025-10-08_15:43:50,tudor14-desktop,jetson-nano-4gb,32.7.6-20241104234540,nano-260m-f16,1,4,1024,128,130,128,3.5447,13.7198,8.9735,18.4441,36.67,9.33,161,174,2054,6.786,0.000,3.612,3.174,58.5416,0.457356,0.226905,55.9,60.2,no
2025-10-08_15:44:14,tudor14-desktop,jetson-nano-4gb,32.7.6-20241104234540,nano-260m-f16,2,4,1024,128,130,128,3.4894,13.9278,9.0637,18.6230,37.26,9.19,169,175,2044,6.741,0.000,3.652,3.089,57.5264,0.449425,0.222971,56.4,61.0,no
2025-10-08_15:44:38,tudor14-desktop,jetson-nano-4gb,32.7.6-20241104234540,nano-260m-f16,3,4,1024,128,130,128,3.5462,13.9044,9.0280,18.6560,36.66,9.21,172,175,2047,6.804,0.000,3.593,3.211,59.9044,0.468003,0.232188,57.0,60.6,no
2025-10-08_15:44:58,tudor14-desktop,jetson-nano-4gb,32.7.6-20241104234540,nano-260m-f16,1,4,2048,32,312,32,9.2458,3.4712,13.9450,13.9136,33.75,9.22,164,175,2049,6.483,0.000,3.764,2.719,37.8311,1.182222,0.109974,55.8,61.2,no
2025-10-08_15:45:17,tudor14-desktop,jetson-nano-4gb,32.7.6-20241104234540,nano-260m-f16,2,4,2048,32,312,32,9.1871,3.6219,14.0438,14.0100,33.96,8.84,167,175,2047,6.448,0.000,3.593,2.855,39.9986,1.249956,0.116275,56.6,61.4,no
2025-10-08_15:45:36,tudor14-desktop,jetson-nano-4gb,32.7.6-20241104234540,nano-260m-f16,3,4,2048,32,312,32,9.1829,3.6333,14.0413,14.0105,33.98,8.81,167,175,2046,6.460,0.000,3.652,2.808,39.3415,1.229422,0.114365,57.0,61.3,no
2025-10-08_15:45:59,tudor14-desktop,jetson-nano-4gb,32.7.6-20241104234540,nano-260m-f16,1,4,2048,64,312,64,9.1602,7.1498,14.8275,17.5218,34.06,8.95,169,175,2048,6.498,0.000,3.784,2.714,47.5542,0.743034,0.126474,57.3,61.7,no
2025-10-08_15:46:23,tudor14-desktop,jetson-nano-4gb,32.7.6-20241104234540,nano-260m-f16,2,4,2048,64,312,64,9.2724,7.0930,15.4742,18.0792,33.65,9.02,164,175,2059,6.524,0.000,3.553,2.971,53.7133,0.839270,0.142855,57.8,61.6,no
2025-10-08_15:46:46,tudor14-desktop,jetson-nano-4gb,32.7.6-20241104234540,nano-260m-f16,3,4,2048,64,312,64,9.2275,7.2598,14.9038,17.7155,33.81,8.82,169,175,2054,6.633,0.000,2.784,3.849,68.1870,1.065422,0.181348,57.8,61.6,no
2025-10-08_15:47:16,tudor14-desktop,jetson-nano-4gb,32.7.6-20241104234540,nano-260m-f16,1,4,2048,128,312,128,9.2628,14.5791,14.9416,25.0545,33.68,8.78,169,175,2056,6.665,0.000,3.688,2.977,74.5872,0.582712,0.169516,57.7,62.3,no
2025-10-08_15:47:47,tudor14-desktop,jetson-nano-4gb,32.7.6-20241104234540,nano-260m-f16,2,4,2048,128,312,128,9.1663,14.3646,14.7877,24.7424,34.04,8.91,170,175,2052,6.713,0.000,3.612,3.101,76.7262,0.599423,0.174378,57.9,62.7,no
2025-10-08_15:48:17,tudor14-desktop,jetson-nano-4gb,32.7.6-20241104234540,nano-260m-f16,3,4,2048,128,312,128,9.2197,14.2909,14.9222,24.7376,33.84,8.96,169,175,2053,6.775,0.000,3.573,3.202,79.2098,0.618827,0.180022,59.0,62.9,no
2025-10-08_15:48:48,tudor14-desktop,jetson-nano-4gb,32.7.6-20241104234540,nano-260m-f16,1,4,4096,32,659,32,21.0894,3.7535,26.0744,26.0392,31.25,8.53,170,175,2049,6.522,0.000,3.725,2.797,72.8316,2.275987,0.105400,58.8,63.0,no
2025-10-08_15:49:19,tudor14-desktop,jetson-nano-4gb,32.7.6-20241104234540,nano-260m-f16,2,4,4096,32,659,32,20.8754,3.7322,25.8513,25.8152,31.57,8.57,169,176,2041,6.579,0.000,3.692,2.887,74.5285,2.329016,0.107856,58.6,63.9,no
2025-10-08_15:49:51,tudor14-desktop,jetson-nano-4gb,32.7.6-20241104234540,nano-260m-f16,3,4,4096,32,659,32,20.8556,3.6920,25.7945,25.7621,31.60,8.67,173,176,2041,6.561,0.000,3.882,2.679,69.0167,2.156772,0.099879,58.6,63.6,no
2025-10-08_15:50:26,tudor14-desktop,jetson-nano-4gb,32.7.6-20241104234540,nano-260m-f16,1,4,4096,64,659,64,20.7960,7.4580,26.6222,29.4715,31.69,8.58,170,176,2049,6.659,0.000,3.705,2.954,87.0588,1.360294,0.120413,59.5,64.0,no
2025-10-08_15:51:01,tudor14-desktop,jetson-nano-4gb,32.7.6-20241104234540,nano-260m-f16,2,4,4096,64,659,64,20.8722,7.6879,26.7563,29.7689,31.57,8.32,173,176,2046,6.661,0.000,3.610,3.051,90.8249,1.419139,0.125622,59.7,64.3,no
2025-10-08_15:51:36,tudor14-desktop,jetson-nano-4gb,32.7.6-20241104234540,nano-260m-f16,3,4,4096,64,659,64,20.7027,7.6693,26.5429,29.5729,31.83,8.34,171,176,2042,6.619,0.000,3.573,3.046,90.0791,1.407486,0.124591,59.7,64.5,no
2025-10-08_15:52:19,tudor14-desktop,jetson-nano-4gb,32.7.6-20241104234540,nano-260m-f16,1,4,4096,128,659,128,20.8030,15.3795,26.6589,37.3845,31.68,8.32,172,176,2040,6.739,0.000,3.725,3.014,112.6769,0.880288,0.143173,60.3,64.9,no
2025-10-08_15:53:02,tudor14-desktop,jetson-nano-4gb,32.7.6-20241104234540,nano-260m-f16,2,4,4096,128,659,128,20.7466,15.8079,26.7364,37.7749,31.76,8.10,164,176,2053,6.691,0.000,3.725,2.966,112.0404,0.875316,0.142364,60.8,64.8,no
2025-10-08_15:53:45,tudor14-desktop,jetson-nano-4gb,32.7.6-20241104234540,nano-260m-f16,3,4,4096,128,659,128,20.9743,15.7010,26.9309,37.8870,31.42,8.15,167,176,2053,6.685,0.000,3.725,2.960,112.1455,0.876137,0.142497,61.2,65.1,no
